TAX-846-58,Toyota Prius,Daniela Ortiz
TAX-543-25,Hyundai Accent,Hugo Nunez
TAX-602-27,Kia Rio,Adriana Salinas
TAX-753-82,Kia Rio,Hugo Nunez
TAX-633-84,Nissan Versa,Carlos Gomez
TAX-771-93,Toyota Prius,Ricardo Pacheco
TAX-464-67,Chevrolet Aveo,Miguel Ramirez
TAX-464-86,Kia Rio,Sofia Fernandez
TAX-954-35,Hyundai Accent,Adriana Salinas
TAX-891-16,Chevrolet Aveo,Sofia Fernandez
TAX-979-35,Chevrolet Aveo,Ricardo Pacheco
TAX-107-70,Chevrolet Aveo,Adriana Salinas
TAX-446-51,Hyundai Accent,Miguel Ramirez
TAX-681-49,Kia Rio,Carlos Gomez
TAX-557-99,Hyundai Accent,Victor Robles
TAX-898-25,Hyundai Accent,Sofia Fernandez
TAX-635-15,Hyundai Accent,Sofia Fernandez
TAX-868-30,Nissan Versa,Carlos Gomez
TAX-256-19,Hyundai Accent,Miguel Ramirez
TAX-176-18,Nissan Versa,Monica Aguilar
TAX-357-47,Kia Rio,Victor Robles
TAX-384-20,Kia Rio,Ricardo Pacheco
TAX-454-48,Nissan Versa,Victor Robles
TAX-460-55,Nissan Versa,Adriana Salinas
TAX-350-42,Hyundai Accent,Miguel Ramirez
TAX-276-77,Chevrolet Aveo,Adriana Salinas
TAX-444-21,Toyota Prius,Monica Aguilar
TAX-343-48,Kia Rio,Sofia Fernandez
TAX-547-28,Nissan Versa,Hugo Nunez
TAX-659-21,Nissan Versa,Miguel Ramirez
TAX-226-36,Kia Rio,Daniela Ortiz
TAX-850-51,Nissan Versa,Hugo Nunez
TAX-930-86,Hyundai Accent,Adriana Salinas
TAX-268-50,Kia Rio,Hugo Nunez
TAX-109-56,Toyota Prius,Daniela Ortiz
TAX-226-55,Toyota Prius,Sofia Fernandez
TAX-469-11,Toyota Prius,Miguel Ramirez
TAX-598-98,Nissan Versa,Ricardo Pacheco
TAX-528-55,Hyundai Accent,Miguel Ramirez
TAX-162-26,Kia Rio,Miguel Ramirez
TAX-115-67,Toyota Prius,Hugo Nunez
TAX-591-51,Nissan Versa,Hugo Nunez
TAX-681-14,Kia Rio,Carlos Gomez
TAX-348-69,Nissan Versa,Monica Aguilar
TAX-621-88,Hyundai Accent,Monica Aguilar
TAX-889-24,Toyota Prius,Ricardo Pacheco
TAX-732-51,Hyundai Accent,Ricardo Pacheco
TAX-782-94,Kia Rio,Sofia Fernandez
TAX-329-81,Nissan Versa,Rosa Salgado
TAX-291-30,Nissan Versa,Miguel Ramirez
TAX-207-89,Nissan Versa,Hugo Nunez
TAX-277-94,Hyundai Accent,Adriana Salinas
TAX-834-84,Nissan Versa,Monica Aguilar
TAX-384-68,Kia Rio,Sofia Fernandez
TAX-406-99,Hyundai Accent,Victor Robles
TAX-921-57,Nissan Versa,Daniela Ortiz
TAX-197-26,Chevrolet Aveo,Victor Robles
TAX-477-92,Nissan Versa,Daniela Ortiz
TAX-361-32,Hyundai Accent,Victor Robles
TAX-745-97,Hyundai Accent,Adriana Salinas
TAX-546-72,Chevrolet Aveo,Victor Robles
TAX-532-75,Nissan Versa,Sofia Fernandez
TAX-393-41,Chevrolet Aveo,Ricardo Pacheco
TAX-232-95,Chevrolet Aveo,Miguel Ramirez
TAX-856-16,Hyundai Accent,Hugo Nunez
TAX-568-22,Chevrolet Aveo,Carlos Gomez
TAX-901-75,Kia Rio,Daniela Ortiz
TAX-728-60,Hyundai Accent,Rosa Salgado
TAX-535-44,Chevrolet Aveo,Carlos Gomez
TAX-840-50,Chevrolet Aveo,Sofia Fernandez
TAX-960-94,Toyota Prius,Daniela Ortiz
TAX-433-80,Chevrolet Aveo,Sofia Fernandez
TAX-395-83,Hyundai Accent,Monica Aguilar
TAX-229-74,Hyundai Accent,Hugo Nunez
TAX-346-80,Hyundai Accent,Monica Aguilar
TAX-488-91,Nissan Versa,Victor Robles
TAX-729-77,Nissan Versa,Daniela Ortiz
TAX-595-40,Hyundai Accent,Monica Aguilar
TAX-627-87,Toyota Prius,Victor Robles
TAX-288-90,Chevrolet Aveo,Miguel Ramirez
TAX-779-52,Chevrolet Aveo,Adriana Salinas
TAX-582-31,Nissan Versa,Sofia Fernandez
TAX-327-99,Kia Rio,Adriana Salinas
TAX-139-55,Hyundai Accent,Rosa Salgado
TAX-324-72,Nissan Versa,Miguel Ramirez
TAX-122-87,Hyundai Accent,Carlos Gomez
TAX-920-89,Kia Rio,Carlos Gomez
TAX-181-99,Toyota Prius,Sofia Fernandez
TAX-788-39,Chevrolet Aveo,Ricardo Pacheco
TAX-197-22,Toyota Prius,Adriana Salinas
TAX-794-86,Nissan Versa,Daniela Ortiz
TAX-643-84,Toyota Prius,Monica Aguilar
TAX-663-29,Hyundai Accent,Monica Aguilar
TAX-737-90,Toyota Prius,Adriana Salinas
TAX-120-66,Kia Rio,Sofia Fernandez
TAX-192-92,Chevrolet Aveo,Adriana Salinas
TAX-682-97,Chevrolet Aveo,Sofia Fernandez
TAX-701-60,Kia Rio,Sofia Fernandez
TAX-882-80,Hyundai Accent,Hugo Nunez
TAX-668-90,Toyota Prius,Monica Aguilar
TAX-938-26,Nissan Versa,Sofia Fernandez
TAX-472-60,Hyundai Accent,Adriana Salinas
TAX-376-49,Toyota Prius,Hugo Nunez
TAX-233-77,Nissan Versa,Miguel Ramirez
TAX-627-74,Toyota Prius,Rosa Salgado
TAX-726-56,Nissan Versa,Daniela Ortiz
TAX-932-68,Toyota Prius,Daniela Ortiz
TAX-113-92,Chevrolet Aveo,Hugo Nunez
TAX-434-53,Kia Rio,Victor Robles
TAX-492-79,Toyota Prius,Sofia Fernandez
TAX-254-13,Hyundai Accent,Daniela Ortiz
TAX-127-92,Nissan Versa,Victor Robles
TAX-406-38,Hyundai Accent,Ricardo Pacheco
TAX-472-39,Kia Rio,Victor Robles
TAX-487-71,Toyota Prius,Victor Robles
TAX-550-70,Toyota Prius,Monica Aguilar
TAX-671-30,Toyota Prius,Adriana Salinas
TAX-653-66,Kia Rio,Carlos Gomez
TAX-231-51,Kia Rio,Sofia Fernandez
TAX-161-60,Kia Rio,Carlos Gomez
TAX-357-68,Toyota Prius,Monica Aguilar
TAX-152-46,Chevrolet Aveo,Rosa Salgado
TAX-593-71,Hyundai Accent,Adriana Salinas
TAX-704-66,Nissan Versa,Sofia Fernandez
TAX-979-54,Hyundai Accent,Rosa Salgado
TAX-381-16,Chevrolet Aveo,Miguel Ramirez
TAX-846-58,Toyota Prius,Daniela Ortiz
TAX-549-43,Toyota Prius,Victor Robles
TAX-338-83,Toyota Prius,Ricardo Pacheco
TAX-101-23,Nissan Versa,Ricardo Pacheco
TAX-406-57,Kia Rio,Sofia Fernandez
TAX-278-13,Chevrolet Aveo,Monica Aguilar
TAX-413-29,Chevrolet Aveo,Adriana Salinas
TAX-611-30,Nissan Versa,Rosa Salgado
TAX-492-16,Toyota Prius,Sofia Fernandez
TAX-884-21,Nissan Versa,Monica Aguilar
TAX-116-29,Nissan Versa,Ricardo Pacheco
TAX-255-10,Chevrolet Aveo,Hugo Nunez
TAX-351-27,Chevrolet Aveo,Miguel Ramirez
TAX-382-73,Nissan Versa,Victor Robles
TAX-399-99,Nissan Versa,Sofia Fernandez
TAX-268-87,Chevrolet Aveo,Sofia Fernandez
TAX-788-93,Nissan Versa,Hugo Nunez
TAX-139-64,Kia Rio,Miguel Ramirez
TAX-837-47,Toyota Prius,Adriana Salinas
TAX-519-75,Chevrolet Aveo,Rosa Salgado
TAX-451-64,Chevrolet Aveo,Monica Aguilar
TAX-755-63,Hyundai Accent,Victor Robles
TAX-858-38,Hyundai Accent,Adriana Salinas
TAX-203-82,Nissan Versa,Victor Robles
TAX-498-73,Toyota Prius,Sofia Fernandez
TAX-321-82,Hyundai Accent,Sofia Fernandez
TAX-363-30,Toyota Prius,Hugo Nunez
TAX-194-60,Toyota Prius,Miguel Ramirez
TAX-378-86,Hyundai Accent,Carlos Gomez
TAX-467-62,Toyota Prius,Rosa Salgado
TAX-118-17,Hyundai Accent,Sofia Fernandez
TAX-305-46,Nissan Versa,Monica Aguilar
TAX-123-79,Nissan Versa,Hugo Nunez
TAX-959-47,Chevrolet Aveo,Adriana Salinas
TAX-904-48,Nissan Versa,Sofia Fernandez
TAX-340-11,Toyota Prius,Miguel Ramirez
TAX-618-94,Toyota Prius,Rosa Salgado
TAX-630-92,Nissan Versa,Hugo Nunez
TAX-321-92,Kia Rio,Adriana Salinas
TAX-738-64,Hyundai Accent,Adriana Salinas
TAX-874-18,Toyota Prius,Adriana Salinas
TAX-295-75,Chevrolet Aveo,Hugo Nunez
TAX-693-46,Nissan Versa,Hugo Nunez
TAX-415-95,Toyota Prius,Sofia Fernandez
TAX-987-54,Toyota Prius,Rosa Salgado
TAX-196-16,Nissan Versa,Rosa Salgado
TAX-961-71,Nissan Versa,Miguel Ramirez
TAX-698-11,Chevrolet Aveo,Daniela Ortiz
TAX-382-93,Nissan Versa,Ricardo Pacheco
TAX-999-46,Kia Rio,Carlos Gomez
TAX-728-44,Hyundai Accent,Rosa Salgado
TAX-337-12,Hyundai Accent,Carlos Gomez
TAX-288-51,Kia Rio,Rosa Salgado
TAX-300-27,Nissan Versa,Victor Robles
TAX-429-48,Toyota Prius,Hugo Nunez
TAX-945-89,Chevrolet Aveo,Monica Aguilar
TAX-164-16,Hyundai Accent,Adriana Salinas
TAX-422-43,Chevrolet Aveo,Adriana Salinas
TAX-147-55,Chevrolet Aveo,Ricardo Pacheco
TAX-703-30,Toyota Prius,Monica Aguilar
TAX-323-18,Kia Rio,Ricardo Pacheco
TAX-403-92,Kia Rio,Carlos Gomez
TAX-484-44,Toyota Prius,Rosa Salgado
TAX-491-78,Toyota Prius,Adriana Salinas
TAX-151-46,Chevrolet Aveo,Rosa Salgado
TAX-836-12,Chevrolet Aveo,Ricardo Pacheco
TAX-549-78,Nissan Versa,Victor Robles
TAX-878-62,Toyota Prius,Sofia Fernandez
TAX-466-47,Nissan Versa,Miguel Ramirez
TAX-963-55,Hyundai Accent,Sofia Fernandez
TAX-645-72,Toyota Prius,Ricardo Pacheco
TAX-685-22,Kia Rio,Monica Aguilar
TAX-979-73,Nissan Versa,Adriana Salinas
TAX-804-12,Chevrolet Aveo,Adriana Salinas
TAX-477-49,Nissan Versa,Rosa Salgado
TAX-511-96,Hyundai Accent,Adriana Salinas
TAX-918-13,Toyota Prius,Miguel Ramirez
TAX-660-12,Toyota Prius,Sofia Fernandez
TAX-484-40,Toyota Prius,Miguel Ramirez
TAX-986-17,Kia Rio,Victor Robles
TAX-870-65,Chevrolet Aveo,Adriana Salinas
TAX-174-95,Nissan Versa,Daniela Ortiz
TAX-795-82,Toyota Prius,Carlos Gomez
TAX-352-28,Kia Rio,Adriana Salinas
TAX-443-69,Kia Rio,Ricardo Pacheco
TAX-206-13,Kia Rio,Monica Aguilar
TAX-603-61,Chevrolet Aveo,Adriana Salinas
TAX-727-68,Nissan Versa,Rosa Salgado
TAX-637-58,Nissan Versa,Daniela Ortiz
TAX-126-69,Nissan Versa,Adriana Salinas
TAX-898-80,Chevrolet Aveo,Ricardo Pacheco
TAX-584-62,Nissan Versa,Miguel Ramirez
TAX-611-86,Nissan Versa,Adriana Salinas
TAX-467-59,Nissan Versa,Sofia Fernandez
TAX-936-60,Nissan Versa,Daniela Ortiz
TAX-885-58,Hyundai Accent,Daniela Ortiz
TAX-421-69,Toyota Prius,Hugo Nunez
TAX-744-79,Chevrolet Aveo,Ricardo Pacheco
TAX-552-13,Chevrolet Aveo,Daniela Ortiz
TAX-287-87,Kia Rio,Sofia Fernandez
TAX-472-41,Toyota Prius,Hugo Nunez
TAX-804-18,Hyundai Accent,Carlos Gomez
TAX-473-64,Toyota Prius,Victor Robles
TAX-386-18,Toyota Prius,Victor Robles
TAX-962-50,Toyota Prius,Monica Aguilar
TAX-494-82,Hyundai Accent,Sofia Fernandez
TAX-374-60,Nissan Versa,Rosa Salgado
TAX-707-90,Chevrolet Aveo,Daniela Ortiz
TAX-863-68,Kia Rio,Miguel Ramirez
TAX-728-55,Toyota Prius,Hugo Nunez
TAX-704-51,Toyota Prius,Daniela Ortiz
TAX-854-57,Toyota Prius,Daniela Ortiz
TAX-914-75,Nissan Versa,Victor Robles
TAX-571-43,Chevrolet Aveo,Carlos Gomez
TAX-771-70,Hyundai Accent,Miguel Ramirez
TAX-176-61,Toyota Prius,Monica Aguilar
TAX-363-79,Chevrolet Aveo,Sofia Fernandez
TAX-858-86,Kia Rio,Adriana Salinas
TAX-395-82,Chevrolet Aveo,Monica Aguilar
TAX-430-45,Chevrolet Aveo,Ricardo Pacheco
TAX-425-22,Kia Rio,Miguel Ramirez
TAX-351-91,Nissan Versa,Sofia Fernandez
TAX-400-95,Nissan Versa,Carlos Gomez
TAX-949-85,Chevrolet Aveo,Victor Robles
TAX-526-61,Chevrolet Aveo,Adriana Salinas
TAX-507-32,Hyundai Accent,Sofia Fernandez
TAX-582-41,Chevrolet Aveo,Miguel Ramirez
TAX-729-73,Hyundai Accent,Rosa Salgado
TAX-258-90,Hyundai Accent,Victor Robles
TAX-651-73,Chevrolet Aveo,Miguel Ramirez
TAX-668-53,Chevrolet Aveo,Hugo Nunez
TAX-539-92,Chevrolet Aveo,Ricardo Pacheco
TAX-632-21,Kia Rio,Sofia Fernandez
TAX-975-82,Kia Rio,Sofia Fernandez
TAX-314-94,Nissan Versa,Victor Robles
TAX-469-56,Kia Rio,Hugo Nunez
TAX-328-86,Toyota Prius,Sofia Fernandez
TAX-463-51,Chevrolet Aveo,Ricardo Pacheco
TAX-537-47,Kia Rio,Ricardo Pacheco
TAX-460-33,Kia Rio,Hugo Nunez
TAX-847-72,Nissan Versa,Ricardo Pacheco
TAX-861-35,Hyundai Accent,Hugo Nunez
TAX-727-16,Kia Rio,Sofia Fernandez
TAX-493-76,Kia Rio,Miguel Ramirez
TAX-690-16,Toyota Prius,Ricardo Pacheco
TAX-831-46,Nissan Versa,Sofia Fernandez
TAX-817-54,Chevrolet Aveo,Miguel Ramirez
TAX-227-80,Kia Rio,Monica Aguilar
TAX-914-95,Hyundai Accent,Hugo Nunez
TAX-569-25,Chevrolet Aveo,Ricardo Pacheco
TAX-921-14,Nissan Versa,Adriana Salinas
TAX-150-90,Hyundai Accent,Daniela Ortiz
TAX-482-54,Hyundai Accent,Rosa Salgado
TAX-772-83,Kia Rio,Hugo Nunez
TAX-894-53,Kia Rio,Hugo Nunez
TAX-573-98,Nissan Versa,Sofia Fernandez
TAX-900-17,Chevrolet Aveo,Victor Robles
TAX-438-87,Hyundai Accent,Rosa Salgado
TAX-756-37,Toyota Prius,Miguel Ramirez
TAX-428-45,Chevrolet Aveo,Hugo Nunez
TAX-941-72,Toyota Prius,Daniela Ortiz
TAX-902-30,Kia Rio,Ricardo Pacheco
TAX-734-29,Kia Rio,Daniela Ortiz
TAX-989-36,Nissan Versa,Adriana Salinas
TAX-473-32,Toyota Prius,Victor Robles
TAX-518-30,Hyundai Accent,Adriana Salinas
TAX-389-23,Hyundai Accent,Monica Aguilar
TAX-552-79,Kia Rio,Victor Robles
TAX-183-24,Toyota Prius,Ricardo Pacheco
TAX-446-88,Nissan Versa,Rosa Salgado
TAX-796-90,Hyundai Accent,Victor Robles
TAX-861-12,Nissan Versa,Hugo Nunez
TAX-718-17,Kia Rio,Adriana Salinas
TAX-425-14,Kia Rio,Hugo Nunez
TAX-904-14,Nissan Versa,Ricardo Pacheco
TAX-758-72,Nissan Versa,Ricardo Pacheco
TAX-284-35,Hyundai Accent,Adriana Salinas
TAX-463-76,Nissan Versa,Carlos Gomez
TAX-787-25,Nissan Versa,Sofia Fernandez
TAX-921-83,Hyundai Accent,Ricardo Pacheco
TAX-417-49,Kia Rio,Ricardo Pacheco
TAX-746-75,Chevrolet Aveo,Ricardo Pacheco
TAX-666-24,Kia Rio,Daniela Ortiz
TAX-771-32,Toyota Prius,Sofia Fernandez
TAX-897-32,Toyota Prius,Sofia Fernandez
TAX-898-71,Toyota Prius,Sofia Fernandez
TAX-914-66,Kia Rio,Victor Robles
TAX-122-12,Toyota Prius,Victor Robles
TAX-414-19,Nissan Versa,Victor Robles
TAX-736-71,Toyota Prius,Ricardo Pacheco
TAX-481-50,Toyota Prius,Ricardo Pacheco
TAX-179-58,Hyundai Accent,Adriana Salinas
TAX-745-27,Toyota Prius,Daniela Ortiz
TAX-386-81,Kia Rio,Adriana Salinas
TAX-379-10,Toyota Prius,Miguel Ramirez
TAX-530-29,Hyundai Accent,Monica Aguilar
TAX-199-65,Kia Rio,Rosa Salgado
TAX-397-40,Hyundai Accent,Victor Robles
TAX-797-76,Hyundai Accent,Carlos Gomez
TAX-630-88,Hyundai Accent,Miguel Ramirez
TAX-163-84,Nissan Versa,Victor Robles
TAX-607-35,Nissan Versa,Rosa Salgado
TAX-319-57,Hyundai Accent,Miguel Ramirez
TAX-644-73,Kia Rio,Rosa Salgado
TAX-764-91,Nissan Versa,Rosa Salgado
TAX-642-70,Kia Rio,Miguel Ramirez
TAX-597-41,Hyundai Accent,Daniela Ortiz
TAX-724-49,Kia Rio,Rosa Salgado
TAX-408-52,Nissan Versa,Miguel Ramirez
TAX-985-15,Kia Rio,Daniela Ortiz
TAX-765-17,Toyota Prius,Rosa Salgado
TAX-545-53,Kia Rio,Sofia Fernandez
TAX-254-98,Nissan Versa,Adriana Salinas
TAX-903-73,Nissan Versa,Victor Robles
TAX-916-17,Toyota Prius,Carlos Gomez
TAX-941-86,Hyundai Accent,Miguel Ramirez
TAX-537-22,Chevrolet Aveo,Monica Aguilar
TAX-292-42,Nissan Versa,Carlos Gomez
TAX-425-33,Nissan Versa,Adriana Salinas
TAX-788-35,Toyota Prius,Carlos Gomez
TAX-919-81,Chevrolet Aveo,Ricardo Pacheco
TAX-689-42,Hyundai Accent,Daniela Ortiz
TAX-449-87,Toyota Prius,Hugo Nunez
TAX-604-74,Hyundai Accent,Victor Robles
TAX-441-94,Nissan Versa,Victor Robles
TAX-582-78,Kia Rio,Monica Aguilar
TAX-922-95,Chevrolet Aveo,Hugo Nunez
TAX-806-16,Nissan Versa,Adriana Salinas
TAX-881-35,Hyundai Accent,Adriana Salinas
TAX-948-90,Kia Rio,Adriana Salinas
TAX-274-45,Chevrolet Aveo,Hugo Nunez
TAX-786-83,Chevrolet Aveo,Victor Robles
TAX-695-64,Toyota Prius,Miguel Ramirez
TAX-218-63,Toyota Prius,Monica Aguilar
TAX-591-42,Hyundai Accent,Monica Aguilar
TAX-650-68,Nissan Versa,Carlos Gomez
TAX-365-66,Chevrolet Aveo,Hugo Nunez
TAX-118-21,Hyundai Accent,Miguel Ramirez
TAX-441-91,Chevrolet Aveo,Miguel Ramirez
TAX-885-12,Hyundai Accent,Carlos Gomez
TAX-149-87,Chevrolet Aveo,Sofia Fernandez
TAX-888-41,Kia Rio,Adriana Salinas
TAX-850-63,Kia Rio,Monica Aguilar
TAX-132-60,Chevrolet Aveo,Victor Robles
TAX-354-99,Kia Rio,Monica Aguilar
TAX-750-59,Nissan Versa,Ricardo Pacheco
TAX-282-70,Chevrolet Aveo,Rosa Salgado
TAX-130-26,Nissan Versa,Miguel Ramirez
TAX-913-38,Chevrolet Aveo,Rosa Salgado
TAX-211-38,Toyota Prius,Adriana Salinas
TAX-255-38,Kia Rio,Monica Aguilar
TAX-560-25,Toyota Prius,Hugo Nunez
TAX-279-28,Toyota Prius,Monica Aguilar
TAX-894-42,Kia Rio,Ricardo Pacheco
TAX-905-24,Toyota Prius,Carlos Gomez
TAX-158-41,Chevrolet Aveo,Monica Aguilar
TAX-377-99,Chevrolet Aveo,Victor Robles
TAX-762-36,Chevrolet Aveo,Ricardo Pacheco
TAX-951-22,Chevrolet Aveo,Hugo Nunez
TAX-239-91,Kia Rio,Adriana Salinas
TAX-726-97,Chevrolet Aveo,Victor Robles
TAX-988-43,Chevrolet Aveo,Miguel Ramirez
TAX-540-36,Chevrolet Aveo,Carlos Gomez
TAX-439-88,Kia Rio,Miguel Ramirez
TAX-519-27,Toyota Prius,Miguel Ramirez
TAX-970-35,Hyundai Accent,Daniela Ortiz
TAX-107-79,Hyundai Accent,Adriana Salinas
TAX-224-97,Toyota Prius,Daniela Ortiz
TAX-527-21,Kia Rio,Miguel Ramirez
TAX-255-54,Hyundai Accent,Ricardo Pacheco
TAX-552-79,Toyota Prius,Carlos Gomez
TAX-674-24,Hyundai Accent,Monica Aguilar
TAX-182-50,Kia Rio,Daniela Ortiz
TAX-868-86,Hyundai Accent,Monica Aguilar
TAX-977-68,Nissan Versa,Ricardo Pacheco
TAX-567-78,Nissan Versa,Hugo Nunez
TAX-133-61,Hyundai Accent,Sofia Fernandez
TAX-776-88,Toyota Prius,Monica Aguilar
TAX-795-97,Toyota Prius,Ricardo Pacheco
TAX-922-94,Chevrolet Aveo,Victor Robles
TAX-752-23,Chevrolet Aveo,Miguel Ramirez
TAX-957-45,Nissan Versa,Daniela Ortiz
TAX-685-18,Kia Rio,Victor Robles
TAX-218-55,Nissan Versa,Rosa Salgado
TAX-773-99,Toyota Prius,Sofia Fernandez
TAX-115-69,Hyundai Accent,Sofia Fernandez
TAX-768-42,Hyundai Accent,Adriana Salinas
TAX-796-51,Nissan Versa,Sofia Fernandez
TAX-866-93,Toyota Prius,Adriana Salinas
TAX-873-45,Kia Rio,Adriana Salinas
TAX-534-21,Kia Rio,Ricardo Pacheco
TAX-652-10,Chevrolet Aveo,Miguel Ramirez
TAX-965-87,Chevrolet Aveo,Monica Aguilar
TAX-956-89,Toyota Prius,Victor Robles
TAX-177-84,Nissan Versa,Victor Robles
TAX-192-58,Nissan Versa,Victor Robles
TAX-181-24,Chevrolet Aveo,Sofia Fernandez
TAX-435-14,Nissan Versa,Carlos Gomez
TAX-927-71,Kia Rio,Victor Robles
TAX-143-44,Hyundai Accent,Sofia Fernandez
TAX-456-90,Kia Rio,Hugo Nunez
TAX-464-79,Chevrolet Aveo,Adriana Salinas
TAX-405-78,Toyota Prius,Monica Aguilar
TAX-263-86,Chevrolet Aveo,Adriana Salinas
TAX-226-51,Kia Rio,Rosa Salgado
TAX-213-56,Kia Rio,Sofia Fernandez
TAX-716-81,Chevrolet Aveo,Carlos Gomez
TAX-413-21,Kia Rio,Daniela Ortiz
TAX-184-58,Chevrolet Aveo,Monica Aguilar
TAX-405-77,Hyundai Accent,Hugo Nunez
TAX-701-18,Hyundai Accent,Rosa Salgado
TAX-286-14,Toyota Prius,Hugo Nunez
TAX-366-93,Chevrolet Aveo,Hugo Nunez
TAX-158-19,Kia Rio,Carlos Gomez
TAX-172-44,Toyota Prius,Sofia Fernandez
TAX-978-74,Nissan Versa,Carlos Gomez
TAX-784-52,Toyota Prius,Daniela Ortiz
TAX-491-42,Hyundai Accent,Carlos Gomez
TAX-400-19,Kia Rio,Adriana Salinas
TAX-545-98,Hyundai Accent,Hugo Nunez
TAX-769-52,Hyundai Accent,Victor Robles
TAX-824-58,Chevrolet Aveo,Rosa Salgado
TAX-765-74,Toyota Prius,Adriana Salinas
TAX-607-55,Hyundai Accent,Miguel Ramirez
TAX-822-56,Kia Rio,Adriana Salinas
TAX-793-78,Hyundai Accent,Daniela Ortiz
TAX-929-45,Kia Rio,Adriana Salinas
TAX-969-81,Toyota Prius,Rosa Salgado
TAX-699-61,Hyundai Accent,Victor Robles
TAX-733-46,Toyota Prius,Victor Robles
TAX-361-82,Hyundai Accent,Miguel Ramirez
TAX-210-15,Kia Rio,Hugo Nunez
TAX-466-10,Toyota Prius,Rosa Salgado
TAX-894-34,Hyundai Accent,Adriana Salinas
TAX-988-52,Hyundai Accent,Miguel Ramirez
TAX-964-51,Toyota Prius,Daniela Ortiz
TAX-461-50,Toyota Prius,Victor Robles
TAX-156-46,Kia Rio,Carlos Gomez
TAX-328-10,Nissan Versa,Monica Aguilar
TAX-652-23,Nissan Versa,Sofia Fernandez
TAX-319-55,Chevrolet Aveo,Ricardo Pacheco
TAX-263-74,Toyota Prius,Ricardo Pacheco
TAX-523-92,Kia Rio,Victor Robles
TAX-278-91,Chevrolet Aveo,Sofia Fernandez
TAX-892-79,Toyota Prius,Ricardo Pacheco
TAX-911-14,Chevrolet Aveo,Hugo Nunez
TAX-929-27,Kia Rio,Monica Aguilar
TAX-329-80,Chevrolet Aveo,Hugo Nunez
TAX-423-29,Toyota Prius,Daniela Ortiz
TAX-495-64,Nissan Versa,Victor Robles
TAX-389-58,Toyota Prius,Hugo Nunez
TAX-954-11,Toyota Prius,Monica Aguilar
TAX-817-58,Chevrolet Aveo,Victor Robles
TAX-523-96,Kia Rio,Daniela Ortiz
TAX-713-71,Toyota Prius,Hugo Nunez
TAX-241-67,Nissan Versa,Rosa Salgado
TAX-379-29,Hyundai Accent,Sofia Fernandez
TAX-634-87,Chevrolet Aveo,Hugo Nunez
TAX-799-49,Hyundai Accent,Ricardo Pacheco
TAX-990-57,Nissan Versa,Adriana Salinas
TAX-502-97,Kia Rio,Monica Aguilar
TAX-195-72,Chevrolet Aveo,Hugo Nunez
TAX-240-89,Kia Rio,Adriana Salinas
TAX-413-27,Toyota Prius,Miguel Ramirez
TAX-132-28,Hyundai Accent,Monica Aguilar
TAX-235-26,Chevrolet Aveo,Sofia Fernandez
TAX-364-43,Chevrolet Aveo,Sofia Fernandez
TAX-456-23,Toyota Prius,Adriana Salinas
TAX-547-88,Nissan Versa,Victor Robles
TAX-860-57,Toyota Prius,Daniela Ortiz
TAX-272-20,Nissan Versa,Miguel Ramirez
TAX-694-40,Nissan Versa,Rosa Salgado
TAX-105-65,Toyota Prius,Adriana Salinas
TAX-876-10,Nissan Versa,Miguel Ramirez
TAX-893-88,Nissan Versa,Miguel Ramirez
TAX-513-90,Nissan Versa,Hugo Nunez
TAX-685-98,Kia Rio,Adriana Salinas
TAX-300-70,Toyota Prius,Rosa Salgado
TAX-176-95,Chevrolet Aveo,Carlos Gomez
TAX-812-20,Hyundai Accent,Rosa Salgado
TAX-213-81,Chevrolet Aveo,Adriana Salinas
TAX-934-19,Nissan Versa,Miguel Ramirez
TAX-922-86,Nissan Versa,Rosa Salgado
TAX-597-46,Nissan Versa,Adriana Salinas
TAX-249-31,Toyota Prius,Daniela Ortiz
TAX-536-61,Toyota Prius,Carlos Gomez
TAX-114-67,Toyota Prius,Victor Robles
TAX-365-30,Hyundai Accent,Victor Robles
TAX-974-18,Hyundai Accent,Miguel Ramirez
TAX-361-21,Toyota Prius,Ricardo Pacheco
TAX-243-76,Kia Rio,Adriana Salinas
TAX-891-45,Toyota Prius,Carlos Gomez
TAX-949-82,Chevrolet Aveo,Carlos Gomez
TAX-644-34,Nissan Versa,Sofia Fernandez
TAX-888-58,Toyota Prius,Sofia Fernandez
TAX-303-76,Nissan Versa,Daniela Ortiz
TAX-354-75,Chevrolet Aveo,Ricardo Pacheco
TAX-722-43,Kia Rio,Daniela Ortiz
TAX-547-83,Kia Rio,Daniela Ortiz
TAX-631-71,Hyundai Accent,Rosa Salgado
TAX-553-27,Kia Rio,Monica Aguilar
TAX-407-37,Hyundai Accent,Adriana Salinas
TAX-917-88,Nissan Versa,Hugo Nunez
TAX-675-22,Toyota Prius,Sofia Fernandez
TAX-385-90,Toyota Prius,Carlos Gomez
TAX-468-47,Nissan Versa,Miguel Ramirez
TAX-897-80,Kia Rio,Sofia Fernandez
TAX-894-90,Toyota Prius,Sofia Fernandez
TAX-876-12,Toyota Prius,Carlos Gomez
TAX-391-44,Chevrolet Aveo,Hugo Nunez
TAX-732-70,Hyundai Accent,Hugo Nunez
TAX-419-69,Hyundai Accent,Monica Aguilar
TAX-636-11,Toyota Prius,Sofia Fernandez
TAX-765-25,Toyota Prius,Victor Robles
TAX-612-62,Hyundai Accent,Daniela Ortiz
TAX-724-93,Chevrolet Aveo,Ricardo Pacheco
TAX-236-65,Nissan Versa,Daniela Ortiz
TAX-204-39,Kia Rio,Adriana Salinas
TAX-443-27,Kia Rio,Carlos Gomez
TAX-551-93,Toyota Prius,Daniela Ortiz
TAX-914-56,Toyota Prius,Miguel Ramirez
TAX-937-47,Toyota Prius,Monica Aguilar
TAX-215-58,Toyota Prius,Hugo Nunez
TAX-267-40,Chevrolet Aveo,Hugo Nunez
TAX-146-30,Hyundai Accent,Adriana Salinas
TAX-146-75,Hyundai Accent,Ricardo Pacheco
TAX-594-34,Kia Rio,Monica Aguilar
TAX-799-62,Nissan Versa,Ricardo Pacheco
TAX-998-30,Nissan Versa,Hugo Nunez
TAX-579-33,Nissan Versa,Adriana Salinas
TAX-791-42,Kia Rio,Carlos Gomez
TAX-474-77,Toyota Prius,Carlos Gomez
TAX-693-86,Chevrolet Aveo,Carlos Gomez
TAX-110-68,Hyundai Accent,Monica Aguilar
TAX-975-12,Toyota Prius,Hugo Nunez
TAX-730-86,Hyundai Accent,Miguel Ramirez
TAX-192-18,Kia Rio,Monica Aguilar
TAX-893-83,Toyota Prius,Miguel Ramirez
TAX-626-76,Chevrolet Aveo,Monica Aguilar
TAX-788-30,Toyota Prius,Miguel Ramirez
TAX-314-70,Nissan Versa,Carlos Gomez
TAX-208-87,Kia Rio,Victor Robles
TAX-428-94,Hyundai Accent,Rosa Salgado
TAX-468-29,Hyundai Accent,Sofia Fernandez
TAX-631-69,Hyundai Accent,Rosa Salgado
TAX-248-61,Kia Rio,Miguel Ramirez
TAX-452-82,Hyundai Accent,Carlos Gomez
TAX-396-44,Hyundai Accent,Daniela Ortiz
TAX-870-42,Nissan Versa,Miguel Ramirez
TAX-102-90,Toyota Prius,Victor Robles
TAX-277-65,Toyota Prius,Carlos Gomez
TAX-651-52,Nissan Versa,Hugo Nunez
TAX-845-82,Chevrolet Aveo,Daniela Ortiz
TAX-423-22,Toyota Prius,Carlos Gomez
TAX-322-12,Chevrolet Aveo,Monica Aguilar
TAX-658-26,Chevrolet Aveo,Victor Robles
TAX-968-61,Toyota Prius,Rosa Salgado
TAX-981-65,Toyota Prius,Daniela Ortiz
TAX-179-93,Toyota Prius,Miguel Ramirez
TAX-858-24,Chevrolet Aveo,Adriana Salinas
TAX-244-49,Chevrolet Aveo,Adriana Salinas
TAX-147-61,Nissan Versa,Ricardo Pacheco
TAX-944-58,Toyota Prius,Victor Robles
TAX-809-47,Toyota Prius,Monica Aguilar
TAX-308-21,Nissan Versa,Miguel Ramirez
TAX-914-29,Kia Rio,Adriana Salinas
TAX-893-95,Nissan Versa,Victor Robles
TAX-540-24,Nissan Versa,Monica Aguilar
TAX-963-80,Chevrolet Aveo,Adriana Salinas
TAX-933-97,Chevrolet Aveo,Victor Robles
TAX-346-18,Nissan Versa,Sofia Fernandez
TAX-904-21,Nissan Versa,Ricardo Pacheco
TAX-989-24,Toyota Prius,Miguel Ramirez
TAX-492-19,Nissan Versa,Rosa Salgado
TAX-153-52,Kia Rio,Rosa Salgado
TAX-310-78,Toyota Prius,Victor Robles
TAX-285-41,Kia Rio,Sofia Fernandez
TAX-496-47,Kia Rio,Daniela Ortiz
TAX-952-58,Kia Rio,Sofia Fernandez
TAX-875-32,Hyundai Accent,Rosa Salgado
TAX-208-12,Nissan Versa,Hugo Nunez
TAX-251-79,Nissan Versa,Ricardo Pacheco
TAX-497-28,Chevrolet Aveo,Hugo Nunez
TAX-815-45,Nissan Versa,Sofia Fernandez
TAX-763-40,Chevrolet Aveo,Rosa Salgado
TAX-762-61,Nissan Versa,Victor Robles
TAX-268-52,Toyota Prius,Ricardo Pacheco
TAX-442-24,Hyundai Accent,Victor Robles
TAX-981-32,Toyota Prius,Hugo Nunez
TAX-782-91,Toyota Prius,Adriana Salinas
TAX-745-44,Hyundai Accent,Monica Aguilar
TAX-770-24,Hyundai Accent,Carlos Gomez
TAX-827-97,Nissan Versa,Adriana Salinas
TAX-392-86,Toyota Prius,Monica Aguilar
TAX-839-36,Hyundai Accent,Victor Robles
TAX-824-41,Chevrolet Aveo,Carlos Gomez
TAX-970-37,Nissan Versa,Adriana Salinas
TAX-204-52,Toyota Prius,Monica Aguilar
TAX-827-18,Hyundai Accent,Sofia Fernandez
TAX-478-69,Hyundai Accent,Sofia Fernandez
TAX-655-35,Hyundai Accent,Carlos Gomez
TAX-232-22,Nissan Versa,Daniela Ortiz
TAX-318-94,Toyota Prius,Victor Robles
TAX-596-56,Chevrolet Aveo,Ricardo Pacheco
TAX-845-44,Chevrolet Aveo,Miguel Ramirez
TAX-621-88,Hyundai Accent,Hugo Nunez
TAX-676-93,Chevrolet Aveo,Ricardo Pacheco
TAX-774-67,Toyota Prius,Adriana Salinas
TAX-281-80,Chevrolet Aveo,Daniela Ortiz
TAX-779-20,Chevrolet Aveo,Miguel Ramirez
TAX-385-84,Toyota Prius,Ricardo Pacheco
TAX-710-87,Kia Rio,Sofia Fernandez
TAX-876-14,Hyundai Accent,Ricardo Pacheco
TAX-213-60,Chevrolet Aveo,Sofia Fernandez
TAX-605-13,Chevrolet Aveo,Adriana Salinas
TAX-621-92,Kia Rio,Sofia Fernandez
TAX-282-12,Toyota Prius,Rosa Salgado
TAX-555-46,Toyota Prius,Carlos Gomez
TAX-181-86,Chevrolet Aveo,Carlos Gomez
TAX-652-50,Kia Rio,Monica Aguilar
TAX-119-18,Toyota Prius,Carlos Gomez
TAX-789-51,Chevrolet Aveo,Victor Robles
TAX-990-57,Chevrolet Aveo,Daniela Ortiz
TAX-165-62,Chevrolet Aveo,Monica Aguilar
TAX-174-28,Nissan Versa,Adriana Salinas
TAX-650-97,Kia Rio,Hugo Nunez
TAX-788-84,Chevrolet Aveo,Victor Robles
TAX-579-40,Nissan Versa,Carlos Gomez
TAX-169-54,Hyundai Accent,Rosa Salgado
TAX-605-76,Nissan Versa,Adriana Salinas
TAX-205-77,Chevrolet Aveo,Adriana Salinas
TAX-939-50,Chevrolet Aveo,Monica Aguilar
TAX-269-82,Nissan Versa,Victor Robles
TAX-828-28,Nissan Versa,Victor Robles
TAX-864-76,Kia Rio,Ricardo Pacheco
TAX-646-43,Toyota Prius,Miguel Ramirez
TAX-128-68,Kia Rio,Miguel Ramirez
TAX-429-92,Toyota Prius,Victor Robles
TAX-953-13,Toyota Prius,Rosa Salgado
TAX-591-52,Kia Rio,Monica Aguilar
TAX-794-35,Chevrolet Aveo,Carlos Gomez
TAX-377-78,Kia Rio,Daniela Ortiz
TAX-758-64,Kia Rio,Monica Aguilar
TAX-815-85,Hyundai Accent,Ricardo Pacheco
TAX-278-45,Chevrolet Aveo,Hugo Nunez
TAX-797-79,Kia Rio,Victor Robles
TAX-199-25,Kia Rio,Adriana Salinas
TAX-294-48,Nissan Versa,Carlos Gomez
TAX-347-12,Nissan Versa,Victor Robles
TAX-825-38,Nissan Versa,Carlos Gomez
TAX-654-74,Nissan Versa,Monica Aguilar
TAX-672-85,Nissan Versa,Daniela Ortiz
TAX-226-90,Toyota Prius,Daniela Ortiz
TAX-804-31,Chevrolet Aveo,Daniela Ortiz
TAX-225-87,Toyota Prius,Rosa Salgado
TAX-557-32,Nissan Versa,Miguel Ramirez
TAX-493-71,Chevrolet Aveo,Monica Aguilar
TAX-555-43,Chevrolet Aveo,Monica Aguilar
TAX-105-57,Hyundai Accent,Victor Robles
TAX-179-80,Nissan Versa,Rosa Salgado
TAX-911-19,Kia Rio,Miguel Ramirez
TAX-557-68,Kia Rio,Victor Robles
TAX-368-58,Kia Rio,Carlos Gomez
TAX-170-35,Hyundai Accent,Rosa Salgado
TAX-891-82,Hyundai Accent,Adriana Salinas
TAX-380-40,Hyundai Accent,Daniela Ortiz
TAX-581-38,Hyundai Accent,Ricardo Pacheco
TAX-485-85,Nissan Versa,Hugo Nunez
TAX-287-76,Hyundai Accent,Sofia Fernandez
TAX-599-73,Kia Rio,Miguel Ramirez
TAX-608-89,Toyota Prius,Sofia Fernandez
TAX-998-49,Hyundai Accent,Adriana Salinas
TAX-498-61,Chevrolet Aveo,Rosa Salgado
TAX-194-47,Kia Rio,Miguel Ramirez
TAX-598-95,Chevrolet Aveo,Sofia Fernandez
TAX-465-97,Nissan Versa,Sofia Fernandez
TAX-708-21,Nissan Versa,Hugo Nunez
TAX-644-42,Nissan Versa,Monica Aguilar
TAX-591-27,Nissan Versa,Sofia Fernandez
TAX-740-55,Nissan Versa,Victor Robles
TAX-921-19,Chevrolet Aveo,Rosa Salgado
TAX-940-66,Nissan Versa,Adriana Salinas
TAX-846-75,Nissan Versa,Sofia Fernandez
TAX-180-88,Kia Rio,Sofia Fernandez
TAX-488-57,Toyota Prius,Hugo Nunez
TAX-246-63,Kia Rio,Rosa Salgado
TAX-783-10,Chevrolet Aveo,Ricardo Pacheco
TAX-667-38,Kia Rio,Hugo Nunez
TAX-210-43,Hyundai Accent,Monica Aguilar
TAX-337-44,Hyundai Accent,Hugo Nunez
TAX-412-73,Toyota Prius,Victor Robles
TAX-591-24,Nissan Versa,Monica Aguilar
TAX-138-56,Toyota Prius,Victor Robles
TAX-603-48,Nissan Versa,Miguel Ramirez
TAX-731-42,Kia Rio,Adriana Salinas
TAX-851-69,Hyundai Accent,Monica Aguilar
TAX-850-81,Toyota Prius,Adriana Salinas
TAX-747-87,Kia Rio,Carlos Gomez
TAX-173-94,Toyota Prius,Adriana Salinas
TAX-262-23,Chevrolet Aveo,Monica Aguilar
TAX-223-95,Toyota Prius,Sofia Fernandez
TAX-398-87,Hyundai Accent,Victor Robles
TAX-912-38,Nissan Versa,Sofia Fernandez
TAX-893-48,Hyundai Accent,Carlos Gomez
TAX-661-67,Hyundai Accent,Adriana Salinas
TAX-663-89,Kia Rio,Sofia Fernandez
TAX-997-14,Chevrolet Aveo,Victor Robles
TAX-119-35,Kia Rio,Adriana Salinas
TAX-655-14,Hyundai Accent,Victor Robles
TAX-964-61,Kia Rio,Miguel Ramirez
TAX-507-80,Nissan Versa,Adriana Salinas
TAX-110-46,Nissan Versa,Rosa Salgado
TAX-322-40,Kia Rio,Victor Robles
TAX-189-54,Hyundai Accent,Hugo Nunez
TAX-438-13,Hyundai Accent,Ricardo Pacheco
TAX-177-62,Kia Rio,Hugo Nunez
TAX-670-31,Toyota Prius,Miguel Ramirez
TAX-414-25,Nissan Versa,Sofia Fernandez
TAX-300-70,Toyota Prius,Daniela Ortiz
TAX-589-30,Nissan Versa,Daniela Ortiz
TAX-890-94,Nissan Versa,Ricardo Pacheco
TAX-693-42,Kia Rio,Miguel Ramirez
TAX-275-29,Toyota Prius,Ricardo Pacheco
TAX-681-60,Hyundai Accent,Rosa Salgado
TAX-635-29,Kia Rio,Carlos Gomez
TAX-345-15,Kia Rio,Sofia Fernandez
TAX-949-14,Hyundai Accent,Monica Aguilar
TAX-738-42,Nissan Versa,Adriana Salinas
TAX-277-99,Hyundai Accent,Rosa Salgado
TAX-368-60,Kia Rio,Monica Aguilar
TAX-594-17,Kia Rio,Miguel Ramirez
TAX-361-28,Hyundai Accent,Victor Robles
TAX-510-45,Kia Rio,Sofia Fernandez
TAX-840-13,Toyota Prius,Monica Aguilar
TAX-251-49,Nissan Versa,Daniela Ortiz
TAX-490-41,Chevrolet Aveo,Ricardo Pacheco
TAX-351-91,Chevrolet Aveo,Carlos Gomez
TAX-140-41,Hyundai Accent,Victor Robles
TAX-206-31,Toyota Prius,Miguel Ramirez
TAX-260-78,Hyundai Accent,Ricardo Pacheco
TAX-515-24,Toyota Prius,Hugo Nunez
TAX-615-52,Hyundai Accent,Adriana Salinas
TAX-257-24,Toyota Prius,Hugo Nunez
TAX-268-84,Toyota Prius,Miguel Ramirez
TAX-303-23,Chevrolet Aveo,Daniela Ortiz
TAX-817-95,Chevrolet Aveo,Daniela Ortiz
TAX-281-28,Hyundai Accent,Sofia Fernandez
TAX-430-26,Chevrolet Aveo,Rosa Salgado
TAX-932-13,Kia Rio,Rosa Salgado
TAX-953-37,Nissan Versa,Rosa Salgado
TAX-172-28,Hyundai Accent,Rosa Salgado
TAX-793-96,Kia Rio,Victor Robles
TAX-230-80,Toyota Prius,Ricardo Pacheco
TAX-177-24,Hyundai Accent,Victor Robles
TAX-156-60,Nissan Versa,Miguel Ramirez
TAX-744-38,Toyota Prius,Carlos Gomez
TAX-303-68,Nissan Versa,Sofia Fernandez
TAX-715-76,Toyota Prius,Daniela Ortiz
TAX-285-36,Toyota Prius,Victor Robles
TAX-945-90,Kia Rio,Ricardo Pacheco
TAX-568-78,Kia Rio,Ricardo Pacheco
TAX-458-22,Toyota Prius,Sofia Fernandez
TAX-660-10,Kia Rio,Ricardo Pacheco
TAX-111-77,Hyundai Accent,Miguel Ramirez
TAX-858-97,Chevrolet Aveo,Sofia Fernandez
TAX-417-15,Toyota Prius,Daniela Ortiz
TAX-179-41,Kia Rio,Carlos Gomez
TAX-293-90,Chevrolet Aveo,Sofia Fernandez
TAX-520-11,Chevrolet Aveo,Hugo Nunez
TAX-205-36,Kia Rio,Hugo Nunez
TAX-809-69,Nissan Versa,Victor Robles
TAX-580-46,Kia Rio,Sofia Fernandez
TAX-906-41,Toyota Prius,Hugo Nunez
TAX-566-49,Kia Rio,Victor Robles
TAX-354-73,Toyota Prius,Hugo Nunez
TAX-495-86,Toyota Prius,Carlos Gomez
TAX-590-10,Nissan Versa,Daniela Ortiz
TAX-864-10,Kia Rio,Ricardo Pacheco
TAX-164-36,Kia Rio,Miguel Ramirez
TAX-764-91,Kia Rio,Ricardo Pacheco
TAX-739-15,Kia Rio,Carlos Gomez
TAX-440-90,Kia Rio,Victor Robles
TAX-120-84,Nissan Versa,Sofia Fernandez
TAX-794-83,Nissan Versa,Rosa Salgado
TAX-179-99,Toyota Prius,Monica Aguilar
TAX-688-14,Nissan Versa,Daniela Ortiz
TAX-487-56,Nissan Versa,Adriana Salinas
TAX-533-32,Nissan Versa,Ricardo Pacheco
TAX-983-36,Toyota Prius,Monica Aguilar
TAX-400-92,Hyundai Accent,Adriana Salinas
TAX-660-65,Chevrolet Aveo,Monica Aguilar
TAX-631-89,Chevrolet Aveo,Daniela Ortiz
TAX-309-51,Kia Rio,Victor Robles
TAX-794-30,Hyundai Accent,Carlos Gomez
TAX-977-81,Kia Rio,Carlos Gomez
TAX-231-53,Toyota Prius,Hugo Nunez
TAX-852-98,Toyota Prius,Miguel Ramirez
TAX-192-10,Kia Rio,Hugo Nunez
TAX-899-17,Toyota Prius,Rosa Salgado
TAX-599-75,Hyundai Accent,Hugo Nunez
TAX-362-74,Hyundai Accent,Rosa Salgado
TAX-358-70,Chevrolet Aveo,Adriana Salinas
TAX-433-36,Chevrolet Aveo,Carlos Gomez
TAX-457-45,Chevrolet Aveo,Daniela Ortiz
TAX-963-83,Chevrolet Aveo,Rosa Salgado
TAX-967-35,Chevrolet Aveo,Monica Aguilar
TAX-439-47,Chevrolet Aveo,Hugo Nunez
TAX-539-77,Nissan Versa,Victor Robles
TAX-305-44,Chevrolet Aveo,Monica Aguilar
TAX-563-86,Chevrolet Aveo,Monica Aguilar
TAX-301-28,Hyundai Accent,Monica Aguilar
TAX-615-65,Chevrolet Aveo,Ricardo Pacheco
TAX-820-93,Nissan Versa,Monica Aguilar
TAX-280-38,Nissan Versa,Victor Robles
TAX-418-87,Nissan Versa,Ricardo Pacheco
TAX-830-19,Chevrolet Aveo,Monica Aguilar
TAX-619-93,Toyota Prius,Ricardo Pacheco
TAX-554-17,Kia Rio,Rosa Salgado
TAX-215-13,Hyundai Accent,Ricardo Pacheco
TAX-698-96,Hyundai Accent,Rosa Salgado
TAX-529-65,Toyota Prius,Hugo Nunez
TAX-446-30,Chevrolet Aveo,Miguel Ramirez
TAX-870-43,Chevrolet Aveo,Monica Aguilar
TAX-672-89,Toyota Prius,Miguel Ramirez
TAX-450-97,Nissan Versa,Monica Aguilar
TAX-419-58,Chevrolet Aveo,Rosa Salgado
TAX-605-22,Kia Rio,Daniela Ortiz
TAX-830-39,Kia Rio,Victor Robles
TAX-849-82,Kia Rio,Miguel Ramirez
TAX-458-84,Chevrolet Aveo,Rosa Salgado
TAX-216-16,Chevrolet Aveo,Victor Robles
TAX-541-80,Kia Rio,Monica Aguilar
TAX-221-57,Toyota Prius,Ricardo Pacheco
TAX-830-92,Chevrolet Aveo,Victor Robles
TAX-569-10,Kia Rio,Hugo Nunez
TAX-581-74,Toyota Prius,Monica Aguilar
TAX-539-74,Kia Rio,Carlos Gomez
TAX-262-64,Nissan Versa,Carlos Gomez
TAX-556-29,Nissan Versa,Sofia Fernandez
TAX-352-61,Nissan Versa,Carlos Gomez
TAX-318-77,Nissan Versa,Victor Robles
TAX-983-62,Chevrolet Aveo,Ricardo Pacheco
TAX-493-77,Nissan Versa,Sofia Fernandez
TAX-758-29,Nissan Versa,Victor Robles
TAX-557-17,Chevrolet Aveo,Sofia Fernandez
TAX-103-40,Chevrolet Aveo,Victor Robles
TAX-239-71,Hyundai Accent,Rosa Salgado
TAX-591-29,Nissan Versa,Hugo Nunez
TAX-708-91,Kia Rio,Daniela Ortiz
TAX-571-13,Toyota Prius,Daniela Ortiz
TAX-328-64,Chevrolet Aveo,Ricardo Pacheco
TAX-100-85,Kia Rio,Monica Aguilar
TAX-105-11,Chevrolet Aveo,Ricardo Pacheco
TAX-217-78,Nissan Versa,Rosa Salgado
TAX-398-98,Toyota Prius,Miguel Ramirez
TAX-554-94,Hyundai Accent,Ricardo Pacheco
TAX-483-36,Hyundai Accent,Ricardo Pacheco
TAX-767-97,Toyota Prius,Victor Robles
TAX-657-98,Toyota Prius,Monica Aguilar
TAX-495-33,Hyundai Accent,Victor Robles
TAX-907-21,Kia Rio,Hugo Nunez
TAX-446-96,Kia Rio,Sofia Fernandez
TAX-510-68,Chevrolet Aveo,Daniela Ortiz
TAX-587-18,Nissan Versa,Victor Robles
TAX-796-94,Chevrolet Aveo,Sofia Fernandez
TAX-371-79,Nissan Versa,Sofia Fernandez
TAX-499-87,Chevrolet Aveo,Miguel Ramirez
TAX-373-48,Hyundai Accent,Carlos Gomez
TAX-479-72,Toyota Prius,Carlos Gomez
TAX-287-68,Hyundai Accent,Victor Robles
TAX-636-30,Nissan Versa,Victor Robles
TAX-905-16,Kia Rio,Carlos Gomez
TAX-642-25,Hyundai Accent,Monica Aguilar
TAX-928-89,Kia Rio,Ricardo Pacheco
TAX-622-97,Kia Rio,Carlos Gomez
TAX-820-61,Chevrolet Aveo,Sofia Fernandez
TAX-769-86,Chevrolet Aveo,Monica Aguilar
TAX-981-91,Kia Rio,Adriana Salinas
TAX-377-76,Hyundai Accent,Miguel Ramirez
TAX-758-97,Chevrolet Aveo,Miguel Ramirez
TAX-467-71,Chevrolet Aveo,Carlos Gomez
TAX-220-68,Toyota Prius,Sofia Fernandez
TAX-532-86,Nissan Versa,Monica Aguilar
TAX-631-54,Kia Rio,Rosa Salgado
TAX-911-14,Hyundai Accent,Miguel Ramirez
TAX-195-67,Hyundai Accent,Daniela Ortiz
TAX-176-22,Nissan Versa,Victor Robles
TAX-539-55,Chevrolet Aveo,Rosa Salgado
TAX-930-12,Chevrolet Aveo,Ricardo Pacheco
TAX-859-88,Nissan Versa,Daniela Ortiz
TAX-856-87,Nissan Versa,Sofia Fernandez
TAX-607-59,Kia Rio,Carlos Gomez
TAX-479-31,Kia Rio,Monica Aguilar
TAX-550-77,Toyota Prius,Ricardo Pacheco
TAX-736-82,Nissan Versa,Carlos Gomez
TAX-394-87,Hyundai Accent,Monica Aguilar
TAX-477-22,Hyundai Accent,Monica Aguilar
TAX-731-39,Hyundai Accent,Sofia Fernandez
TAX-299-77,Kia Rio,Adriana Salinas
TAX-979-43,Toyota Prius,Carlos Gomez
TAX-166-94,Kia Rio,Miguel Ramirez
TAX-432-10,Kia Rio,Adriana Salinas
TAX-172-72,Kia Rio,Hugo Nunez
TAX-280-90,Toyota Prius,Monica Aguilar
TAX-755-62,Kia Rio,Adriana Salinas
TAX-415-45,Toyota Prius,Monica Aguilar
TAX-672-72,Hyundai Accent,Miguel Ramirez
TAX-699-98,Hyundai Accent,Monica Aguilar
TAX-651-24,Nissan Versa,Monica Aguilar
TAX-940-26,Kia Rio,Adriana Salinas
TAX-950-10,Toyota Prius,Rosa Salgado
TAX-952-83,Hyundai Accent,Miguel Ramirez
TAX-418-73,Kia Rio,Ricardo Pacheco
TAX-461-62,Kia Rio,Ricardo Pacheco
TAX-928-64,Toyota Prius,Daniela Ortiz
TAX-175-85,Chevrolet Aveo,Daniela Ortiz
TAX-655-63,Toyota Prius,Victor Robles
TAX-835-89,Chevrolet Aveo,Monica Aguilar
TAX-567-60,Chevrolet Aveo,Hugo Nunez
TAX-206-18,Toyota Prius,Rosa Salgado
TAX-788-24,Toyota Prius,Adriana Salinas
TAX-151-60,Nissan Versa,Ricardo Pacheco
TAX-708-48,Nissan Versa,Daniela Ortiz
TAX-792-29,Chevrolet Aveo,Daniela Ortiz
TAX-169-52,Kia Rio,Rosa Salgado
TAX-848-56,Chevrolet Aveo,Miguel Ramirez
TAX-376-59,Nissan Versa,Adriana Salinas
TAX-399-29,Nissan Versa,Rosa Salgado
TAX-320-73,Toyota Prius,Adriana Salinas
TAX-231-53,Toyota Prius,Monica Aguilar
TAX-695-35,Hyundai Accent,Ricardo Pacheco
TAX-417-36,Toyota Prius,Ricardo Pacheco
TAX-424-33,Nissan Versa,Daniela Ortiz
TAX-734-22,Chevrolet Aveo,Victor Robles
TAX-966-13,Hyundai Accent,Sofia Fernandez
TAX-498-36,Kia Rio,Sofia Fernandez
TAX-815-51,Nissan Versa,Carlos Gomez
TAX-715-46,Hyundai Accent,Hugo Nunez
TAX-376-85,Nissan Versa,Carlos Gomez
TAX-628-34,Nissan Versa,Daniela Ortiz
TAX-915-90,Nissan Versa,Monica Aguilar
TAX-691-24,Toyota Prius,Hugo Nunez
TAX-933-21,Hyundai Accent,Daniela Ortiz
TAX-762-76,Kia Rio,Carlos Gomez
TAX-729-35,Nissan Versa,Victor Robles
TAX-944-28,Toyota Prius,Sofia Fernandez
TAX-842-16,Nissan Versa,Adriana Salinas
TAX-502-83,Nissan Versa,Monica Aguilar
TAX-128-43,Chevrolet Aveo,Carlos Gomez
TAX-335-47,Hyundai Accent,Ricardo Pacheco
TAX-160-26,Toyota Prius,Ricardo Pacheco
TAX-391-10,Toyota Prius,Daniela Ortiz
TAX-260-96,Kia Rio,Victor Robles
TAX-653-33,Kia Rio,Monica Aguilar
TAX-227-94,Nissan Versa,Miguel Ramirez
TAX-136-81,Chevrolet Aveo,Ricardo Pacheco
TAX-691-65,Hyundai Accent,Carlos Gomez
TAX-184-18,Nissan Versa,Monica Aguilar
TAX-891-16,Nissan Versa,Adriana Salinas
TAX-111-21,Nissan Versa,Carlos Gomez
TAX-588-81,Hyundai Accent,Carlos Gomez
TAX-743-17,Nissan Versa,Miguel Ramirez
TAX-183-66,Chevrolet Aveo,Sofia Fernandez
TAX-878-71,Hyundai Accent,Monica Aguilar
TAX-938-20,Toyota Prius,Adriana Salinas
TAX-237-42,Toyota Prius,Rosa Salgado
TAX-502-14,Toyota Prius,Ricardo Pacheco
TAX-878-36,Nissan Versa,Adriana Salinas
TAX-365-51,Toyota Prius,Adriana Salinas
TAX-533-66,Nissan Versa,Daniela Ortiz
TAX-742-50,Toyota Prius,Daniela Ortiz
TAX-734-85,Toyota Prius,Rosa Salgado
TAX-967-62,Toyota Prius,Daniela Ortiz
TAX-189-91,Hyundai Accent,Ricardo Pacheco
TAX-524-58,Chevrolet Aveo,Daniela Ortiz
TAX-796-24,Hyundai Accent,Daniela Ortiz
TAX-228-28,Toyota Prius,Ricardo Pacheco
TAX-569-78,Kia Rio,Rosa Salgado
TAX-212-65,Toyota Prius,Hugo Nunez
TAX-467-84,Nissan Versa,Monica Aguilar
TAX-753-39,Chevrolet Aveo,Miguel Ramirez
TAX-147-77,Nissan Versa,Carlos Gomez
TAX-357-76,Kia Rio,Daniela Ortiz
TAX-704-69,Kia Rio,Miguel Ramirez
TAX-401-19,Nissan Versa,Miguel Ramirez
TAX-255-27,Chevrolet Aveo,Daniela Ortiz
TAX-156-39,Hyundai Accent,Miguel Ramirez
TAX-921-43,Nissan Versa,Rosa Salgado
TAX-197-32,Nissan Versa,Sofia Fernandez
TAX-616-52,Toyota Prius,Monica Aguilar
TAX-257-88,Toyota Prius,Ricardo Pacheco
TAX-171-94,Kia Rio,Ricardo Pacheco
TAX-562-75,Hyundai Accent,Daniela Ortiz
TAX-907-41,Hyundai Accent,Hugo Nunez
TAX-887-24,Hyundai Accent,Sofia Fernandez
TAX-239-65,Hyundai Accent,Carlos Gomez
TAX-114-72,Chevrolet Aveo,Victor Robles
TAX-124-83,Nissan Versa,Hugo Nunez
TAX-762-16,Chevrolet Aveo,Ricardo Pacheco
TAX-522-66,Hyundai Accent,Carlos Gomez
TAX-366-93,Toyota Prius,Sofia Fernandez
TAX-468-87,Nissan Versa,Daniela Ortiz
TAX-548-48,Kia Rio,Sofia Fernandez
TAX-647-94,Chevrolet Aveo,Carlos Gomez
TAX-967-30,Nissan Versa,Miguel Ramirez
TAX-286-69,Kia Rio,Ricardo Pacheco
TAX-844-17,Toyota Prius,Rosa Salgado
TAX-505-35,Kia Rio,Victor Robles
TAX-908-99,Toyota Prius,Miguel Ramirez
TAX-561-67,Chevrolet Aveo,Victor Robles
TAX-887-88,Chevrolet Aveo,Ricardo Pacheco
TAX-811-78,Kia Rio,Adriana Salinas
TAX-644-63,Toyota Prius,Ricardo Pacheco
TAX-586-75,Toyota Prius,Carlos Gomez
TAX-918-46,Kia Rio,Adriana Salinas
TAX-790-76,Chevrolet Aveo,Adriana Salinas
TAX-452-12,Hyundai Accent,Hugo Nunez
TAX-853-16,Nissan Versa,Victor Robles
TAX-204-36,Kia Rio,Rosa Salgado
TAX-973-90,Hyundai Accent,Adriana Salinas
TAX-734-43,Hyundai Accent,Sofia Fernandez
TAX-283-67,Toyota Prius,Monica Aguilar
TAX-360-90,Kia Rio,Monica Aguilar
TAX-117-94,Toyota Prius,Victor Robles
TAX-859-22,Kia Rio,Victor Robles
TAX-562-83,Nissan Versa,Miguel Ramirez
TAX-439-17,Toyota Prius,Adriana Salinas
TAX-173-88,Nissan Versa,Ricardo Pacheco
TAX-141-16,Chevrolet Aveo,Monica Aguilar
TAX-630-69,Hyundai Accent,Adriana Salinas
TAX-174-67,Toyota Prius,Adriana Salinas
TAX-479-63,Toyota Prius,Rosa Salgado
TAX-522-78,Hyundai Accent,Hugo Nunez
TAX-468-69,Kia Rio,Ricardo Pacheco
TAX-391-55,Kia Rio,Victor Robles
TAX-914-67,Kia Rio,Victor Robles
TAX-150-64,Hyundai Accent,Victor Robles
TAX-300-86,Kia Rio,Sofia Fernandez
TAX-883-31,Hyundai Accent,Ricardo Pacheco
TAX-179-87,Nissan Versa,Victor Robles
TAX-494-57,Hyundai Accent,Monica Aguilar
TAX-109-51,Toyota Prius,Daniela Ortiz
TAX-330-93,Hyundai Accent,Hugo Nunez
TAX-660-71,Hyundai Accent,Monica Aguilar
TAX-688-79,Toyota Prius,Carlos Gomez
TAX-293-67,Kia Rio,Daniela Ortiz
TAX-248-95,Toyota Prius,Sofia Fernandez
TAX-558-46,Toyota Prius,Hugo Nunez
TAX-177-54,Toyota Prius,Victor Robles
TAX-691-52,Kia Rio,Monica Aguilar
TAX-445-57,Toyota Prius,Rosa Salgado
TAX-304-46,Hyundai Accent,Carlos Gomez
TAX-553-20,Hyundai Accent,Monica Aguilar
TAX-820-97,Nissan Versa,Victor Robles
TAX-176-24,Hyundai Accent,Daniela Ortiz
TAX-264-31,Chevrolet Aveo,Rosa Salgado
TAX-684-22,Kia Rio,Daniela Ortiz
TAX-238-54,Chevrolet Aveo,Rosa Salgado
TAX-257-28,Kia Rio,Miguel Ramirez
TAX-677-77,Kia Rio,Rosa Salgado
TAX-868-31,Nissan Versa,Adriana Salinas
TAX-258-26,Kia Rio,Adriana Salinas
TAX-284-59,Hyundai Accent,Victor Robles
TAX-933-54,Hyundai Accent,Monica Aguilar
TAX-632-32,Chevrolet Aveo,Rosa Salgado
TAX-211-33,Nissan Versa,Ricardo Pacheco
TAX-460-94,Kia Rio,Ricardo Pacheco
TAX-258-83,Hyundai Accent,Carlos Gomez
TAX-103-86,Chevrolet Aveo,Rosa Salgado
TAX-723-34,Kia Rio,Daniela Ortiz
TAX-587-64,Nissan Versa,Rosa Salgado
TAX-101-49,Chevrolet Aveo,Monica Aguilar
TAX-934-28,Hyundai Accent,Hugo Nunez
TAX-203-38,Nissan Versa,Daniela Ortiz
TAX-848-31,Chevrolet Aveo,Hugo Nunez
TAX-538-46,Kia Rio,Adriana Salinas
TAX-464-60,Nissan Versa,Monica Aguilar
TAX-677-83,Nissan Versa,Victor Robles
TAX-732-83,Toyota Prius,Monica Aguilar
TAX-201-13,Kia Rio,Hugo Nunez
TAX-535-16,Toyota Prius,Daniela Ortiz
TAX-886-45,Kia Rio,Ricardo Pacheco
TAX-729-56,Chevrolet Aveo,Hugo Nunez
TAX-626-51,Kia Rio,Rosa Salgado
TAX-980-17,Kia Rio,Carlos Gomez
TAX-433-22,Chevrolet Aveo,Adriana Salinas
TAX-382-16,Hyundai Accent,Rosa Salgado
TAX-493-64,Kia Rio,Miguel Ramirez
TAX-376-16,Toyota Prius,Miguel Ramirez
TAX-646-26,Toyota Prius,Victor Robles
TAX-577-69,Kia Rio,Daniela Ortiz
TAX-855-18,Toyota Prius,Monica Aguilar
TAX-279-45,Chevrolet Aveo,Sofia Fernandez
TAX-551-21,Kia Rio,Daniela Ortiz
TAX-874-36,Toyota Prius,Miguel Ramirez
TAX-183-66,Nissan Versa,Sofia Fernandez
TAX-947-60,Kia Rio,Hugo Nunez
TAX-399-45,Kia Rio,Sofia Fernandez
TAX-922-48,Kia Rio,Sofia Fernandez
TAX-455-62,Hyundai Accent,Monica Aguilar
TAX-413-49,Kia Rio,Carlos Gomez
TAX-925-66,Kia Rio,Sofia Fernandez
TAX-826-64,Toyota Prius,Miguel Ramirez
TAX-654-40,Nissan Versa,Carlos Gomez
TAX-613-80,Chevrolet Aveo,Daniela Ortiz
TAX-146-45,Chevrolet Aveo,Rosa Salgado
TAX-179-79,Chevrolet Aveo,Hugo Nunez
TAX-975-16,Chevrolet Aveo,Victor Robles
TAX-160-30,Toyota Prius,Monica Aguilar
TAX-187-22,Chevrolet Aveo,Victor Robles
TAX-438-57,Nissan Versa,Victor Robles
TAX-615-27,Nissan Versa,Ricardo Pacheco
TAX-523-72,Nissan Versa,Sofia Fernandez
TAX-591-70,Toyota Prius,Daniela Ortiz
TAX-199-98,Kia Rio,Ricardo Pacheco
TAX-196-32,Kia Rio,Carlos Gomez
TAX-118-89,Nissan Versa,Carlos Gomez
TAX-356-55,Kia Rio,Adriana Salinas
TAX-136-56,Chevrolet Aveo,Monica Aguilar
TAX-125-27,Nissan Versa,Hugo Nunez
TAX-687-48,Chevrolet Aveo,Ricardo Pacheco
TAX-113-84,Kia Rio,Monica Aguilar
TAX-755-28,Kia Rio,Sofia Fernandez
TAX-343-40,Hyundai Accent,Sofia Fernandez
TAX-874-57,Kia Rio,Sofia Fernandez
TAX-897-76,Nissan Versa,Daniela Ortiz
TAX-183-77,Toyota Prius,Carlos Gomez
TAX-573-69,Nissan Versa,Miguel Ramirez
TAX-539-22,Nissan Versa,Victor Robles
TAX-568-15,Chevrolet Aveo,Carlos Gomez
TAX-973-74,Toyota Prius,Victor Robles
TAX-548-54,Nissan Versa,Victor Robles
TAX-335-78,Toyota Prius,Adriana Salinas
TAX-803-89,Toyota Prius,Daniela Ortiz
TAX-820-24,Hyundai Accent,Monica Aguilar
TAX-714-35,Hyundai Accent,Rosa Salgado
TAX-148-86,Toyota Prius,Rosa Salgado
TAX-777-89,Toyota Prius,Sofia Fernandez
TAX-298-39,Nissan Versa,Miguel Ramirez
TAX-423-94,Nissan Versa,Sofia Fernandez
TAX-206-54,Nissan Versa,Ricardo Pacheco
TAX-398-39,Kia Rio,Hugo Nunez
TAX-569-85,Nissan Versa,Adriana Salinas
TAX-425-58,Hyundai Accent,Sofia Fernandez
TAX-376-89,Hyundai Accent,Victor Robles
TAX-821-72,Kia Rio,Daniela Ortiz
TAX-104-70,Toyota Prius,Sofia Fernandez
TAX-427-54,Kia Rio,Carlos Gomez
TAX-418-40,Chevrolet Aveo,Adriana Salinas
TAX-112-14,Kia Rio,Carlos Gomez
TAX-654-51,Toyota Prius,Victor Robles
TAX-416-71,Nissan Versa,Ricardo Pacheco
TAX-355-49,Toyota Prius,Adriana Salinas
TAX-577-88,Chevrolet Aveo,Hugo Nunez
TAX-934-15,Toyota Prius,Miguel Ramirez
TAX-815-31,Nissan Versa,Daniela Ortiz
TAX-511-16,Toyota Prius,Victor Robles
TAX-159-20,Toyota Prius,Miguel Ramirez
TAX-974-89,Kia Rio,Sofia Fernandez
TAX-927-86,Chevrolet Aveo,Carlos Gomez
TAX-882-68,Toyota Prius,Adriana Salinas
TAX-644-74,Chevrolet Aveo,Hugo Nunez
TAX-102-70,Nissan Versa,Carlos Gomez
TAX-666-60,Nissan Versa,Hugo Nunez
TAX-345-91,Hyundai Accent,Hugo Nunez
TAX-658-45,Toyota Prius,Hugo Nunez
TAX-695-98,Nissan Versa,Adriana Salinas
TAX-612-28,Nissan Versa,Hugo Nunez
TAX-193-66,Chevrolet Aveo,Monica Aguilar
TAX-919-12,Nissan Versa,Adriana Salinas
TAX-955-86,Hyundai Accent,Daniela Ortiz
TAX-644-56,Kia Rio,Hugo Nunez
TAX-140-72,Nissan Versa,Adriana Salinas
TAX-720-78,Nissan Versa,Monica Aguilar
TAX-556-19,Nissan Versa,Monica Aguilar
TAX-336-15,Kia Rio,Ricardo Pacheco
TAX-629-95,Hyundai Accent,Rosa Salgado
TAX-161-86,Toyota Prius,Monica Aguilar
TAX-950-74,Hyundai Accent,Victor Robles
TAX-435-80,Chevrolet Aveo,Rosa Salgado
TAX-277-93,Toyota Prius,Miguel Ramirez
TAX-782-55,Kia Rio,Hugo Nunez
TAX-175-92,Toyota Prius,Daniela Ortiz
TAX-451-79,Hyundai Accent,Victor Robles
TAX-537-61,Hyundai Accent,Adriana Salinas
TAX-647-31,Toyota Prius,Miguel Ramirez
TAX-424-28,Nissan Versa,Rosa Salgado
TAX-941-50,Nissan Versa,Hugo Nunez
TAX-437-45,Chevrolet Aveo,Daniela Ortiz
TAX-183-26,Toyota Prius,Victor Robles
TAX-704-79,Chevrolet Aveo,Rosa Salgado
TAX-288-81,Nissan Versa,Hugo Nunez
TAX-120-70,Chevrolet Aveo,Rosa Salgado
TAX-198-97,Toyota Prius,Adriana Salinas
TAX-990-89,Hyundai Accent,Hugo Nunez
TAX-306-37,Chevrolet Aveo,Victor Robles
TAX-201-26,Kia Rio,Hugo Nunez
TAX-800-67,Nissan Versa,Sofia Fernandez
TAX-881-75,Chevrolet Aveo,Victor Robles
TAX-544-18,Chevrolet Aveo,Rosa Salgado
TAX-944-55,Toyota Prius,Adriana Salinas
TAX-858-43,Toyota Prius,Rosa Salgado
TAX-207-51,Chevrolet Aveo,Monica Aguilar
TAX-356-78,Chevrolet Aveo,Miguel Ramirez
TAX-586-29,Kia Rio,Miguel Ramirez
TAX-858-23,Hyundai Accent,Carlos Gomez
TAX-651-43,Hyundai Accent,Ricardo Pacheco
TAX-139-43,Toyota Prius,Sofia Fernandez
TAX-569-16,Toyota Prius,Hugo Nunez
TAX-338-42,Toyota Prius,Adriana Salinas
TAX-427-30,Hyundai Accent,Daniela Ortiz
TAX-120-18,Toyota Prius,Miguel Ramirez
TAX-774-98,Toyota Prius,Adriana Salinas
TAX-159-50,Hyundai Accent,Miguel Ramirez
TAX-581-48,Hyundai Accent,Miguel Ramirez
TAX-902-71,Hyundai Accent,Victor Robles
TAX-209-84,Hyundai Accent,Sofia Fernandez
TAX-294-80,Hyundai Accent,Victor Robles
TAX-566-81,Hyundai Accent,Daniela Ortiz
TAX-675-36,Hyundai Accent,Sofia Fernandez
TAX-827-18,Chevrolet Aveo,Miguel Ramirez
TAX-653-56,Nissan Versa,Sofia Fernandez
TAX-407-18,Toyota Prius,Ricardo Pacheco
TAX-874-57,Hyundai Accent,Carlos Gomez
TAX-391-64,Nissan Versa,Miguel Ramirez
TAX-460-35,Hyundai Accent,Monica Aguilar
TAX-223-99,Chevrolet Aveo,Hugo Nunez
TAX-454-12,Nissan Versa,Hugo Nunez
TAX-956-41,Nissan Versa,Sofia Fernandez
TAX-597-47,Kia Rio,Miguel Ramirez
TAX-447-11,Toyota Prius,Carlos Gomez
TAX-724-69,Chevrolet Aveo,Rosa Salgado
TAX-560-30,Chevrolet Aveo,Carlos Gomez
TAX-910-61,Kia Rio,Carlos Gomez
TAX-682-56,Toyota Prius,Daniela Ortiz
TAX-268-99,Toyota Prius,Adriana Salinas
TAX-748-39,Hyundai Accent,Hugo Nunez
TAX-747-53,Toyota Prius,Sofia Fernandez
TAX-468-29,Hyundai Accent,Sofia Fernandez
TAX-318-43,Toyota Prius,Miguel Ramirez
TAX-516-47,Kia Rio,Daniela Ortiz
TAX-491-85,Toyota Prius,Daniela Ortiz
TAX-904-83,Kia Rio,Sofia Fernandez
TAX-371-21,Chevrolet Aveo,Victor Robles
TAX-432-11,Kia Rio,Rosa Salgado
TAX-909-81,Nissan Versa,Adriana Salinas
TAX-321-65,Kia Rio,Rosa Salgado
TAX-485-36,Hyundai Accent,Carlos Gomez
TAX-119-12,Nissan Versa,Carlos Gomez
TAX-314-42,Toyota Prius,Rosa Salgado
TAX-473-92,Toyota Prius,Carlos Gomez
TAX-401-49,Chevrolet Aveo,Hugo Nunez
TAX-482-33,Hyundai Accent,Sofia Fernandez
TAX-688-17,Hyundai Accent,Hugo Nunez
TAX-644-18,Kia Rio,Rosa Salgado
TAX-354-11,Toyota Prius,Hugo Nunez
TAX-361-33,Toyota Prius,Sofia Fernandez
TAX-719-68,Chevrolet Aveo,Hugo Nunez
TAX-333-72,Toyota Prius,Carlos Gomez
TAX-618-68,Nissan Versa,Adriana Salinas
TAX-873-14,Nissan Versa,Ricardo Pacheco
TAX-611-95,Toyota Prius,Victor Robles
TAX-155-85,Nissan Versa,Carlos Gomez
TAX-845-88,Hyundai Accent,Daniela Ortiz
TAX-189-60,Kia Rio,Adriana Salinas
TAX-643-39,Nissan Versa,Hugo Nunez
TAX-721-58,Hyundai Accent,Sofia Fernandez
TAX-954-87,Kia Rio,Sofia Fernandez
TAX-714-91,Hyundai Accent,Rosa Salgado
TAX-218-97,Hyundai Accent,Rosa Salgado
TAX-768-12,Chevrolet Aveo,Rosa Salgado
TAX-365-46,Hyundai Accent,Daniela Ortiz
TAX-481-42,Chevrolet Aveo,Sofia Fernandez
TAX-802-13,Hyundai Accent,Miguel Ramirez
TAX-852-73,Toyota Prius,Miguel Ramirez
TAX-805-23,Toyota Prius,Miguel Ramirez
TAX-853-71,Kia Rio,Daniela Ortiz
TAX-860-73,Kia Rio,Adriana Salinas
TAX-180-50,Hyundai Accent,Adriana Salinas
TAX-753-74,Chevrolet Aveo,Ricardo Pacheco
TAX-904-36,Chevrolet Aveo,Carlos Gomez
TAX-322-38,Chevrolet Aveo,Monica Aguilar
TAX-906-31,Kia Rio,Monica Aguilar
TAX-324-87,Hyundai Accent,Sofia Fernandez
TAX-526-49,Kia Rio,Rosa Salgado
TAX-610-90,Hyundai Accent,Sofia Fernandez
TAX-922-54,Kia Rio,Adriana Salinas
TAX-565-21,Toyota Prius,Rosa Salgado
TAX-219-64,Toyota Prius,Victor Robles
TAX-977-79,Chevrolet Aveo,Sofia Fernandez
TAX-425-59,Nissan Versa,Rosa Salgado
TAX-418-16,Chevrolet Aveo,Adriana Salinas
TAX-742-11,Chevrolet Aveo,Daniela Ortiz
TAX-840-14,Hyundai Accent,Victor Robles
TAX-469-43,Chevrolet Aveo,Monica Aguilar
TAX-373-28,Nissan Versa,Adriana Salinas
TAX-103-90,Nissan Versa,Ricardo Pacheco
TAX-264-91,Nissan Versa,Sofia Fernandez
TAX-565-71,Chevrolet Aveo,Victor Robles
TAX-598-69,Toyota Prius,Daniela Ortiz
TAX-590-91,Kia Rio,Carlos Gomez
TAX-856-81,Hyundai Accent,Ricardo Pacheco
TAX-274-32,Hyundai Accent,Hugo Nunez
TAX-972-99,Kia Rio,Hugo Nunez
TAX-911-64,Toyota Prius,Rosa Salgado
TAX-936-96,Nissan Versa,Carlos Gomez
TAX-769-37,Kia Rio,Rosa Salgado
TAX-615-13,Toyota Prius,Adriana Salinas
TAX-152-78,Hyundai Accent,Daniela Ortiz
TAX-730-48,Toyota Prius,Miguel Ramirez
TAX-389-71,Toyota Prius,Carlos Gomez
TAX-724-71,Chevrolet Aveo,Victor Robles
TAX-765-13,Chevrolet Aveo,Daniela Ortiz
TAX-480-40,Kia Rio,Monica Aguilar
TAX-808-50,Hyundai Accent,Rosa Salgado
TAX-512-57,Toyota Prius,Daniela Ortiz
TAX-192-36,Toyota Prius,Daniela Ortiz
TAX-934-45,Kia Rio,Sofia Fernandez
TAX-792-82,Nissan Versa,Ricardo Pacheco
TAX-827-85,Hyundai Accent,Victor Robles
TAX-874-76,Chevrolet Aveo,Adriana Salinas
TAX-986-32,Hyundai Accent,Ricardo Pacheco
TAX-359-82,Kia Rio,Victor Robles
TAX-683-74,Nissan Versa,Daniela Ortiz
TAX-553-32,Chevrolet Aveo,Hugo Nunez
TAX-607-35,Chevrolet Aveo,Rosa Salgado
TAX-721-67,Kia Rio,Hugo Nunez
TAX-386-85,Hyundai Accent,Victor Robles
TAX-188-68,Nissan Versa,Carlos Gomez
TAX-980-12,Kia Rio,Miguel Ramirez
TAX-277-33,Chevrolet Aveo,Miguel Ramirez
TAX-833-13,Toyota Prius,Miguel Ramirez
TAX-123-73,Chevrolet Aveo,Hugo Nunez
TAX-740-66,Kia Rio,Hugo Nunez
TAX-255-52,Kia Rio,Miguel Ramirez
TAX-705-26,Hyundai Accent,Adriana Salinas
TAX-277-39,Hyundai Accent,Ricardo Pacheco
TAX-935-40,Kia Rio,Daniela Ortiz
TAX-629-72,Hyundai Accent,Hugo Nunez
TAX-487-26,Chevrolet Aveo,Carlos Gomez
TAX-757-65,Chevrolet Aveo,Hugo Nunez
TAX-491-36,Kia Rio,Daniela Ortiz
TAX-264-64,Nissan Versa,Hugo Nunez
TAX-971-40,Hyundai Accent,Miguel Ramirez
TAX-337-83,Chevrolet Aveo,Victor Robles
TAX-605-87,Kia Rio,Miguel Ramirez
TAX-802-92,Toyota Prius,Sofia Fernandez
TAX-565-95,Chevrolet Aveo,Ricardo Pacheco
TAX-925-41,Nissan Versa,Miguel Ramirez
TAX-324-28,Chevrolet Aveo,Adriana Salinas
TAX-498-82,Hyundai Accent,Carlos Gomez
TAX-219-22,Nissan Versa,Adriana Salinas
TAX-991-55,Chevrolet Aveo,Carlos Gomez
TAX-286-67,Hyundai Accent,Sofia Fernandez
TAX-128-62,Toyota Prius,Rosa Salgado
TAX-960-34,Kia Rio,Victor Robles
TAX-497-69,Hyundai Accent,Hugo Nunez
TAX-132-72,Toyota Prius,Rosa Salgado
TAX-173-32,Kia Rio,Sofia Fernandez
TAX-586-67,Kia Rio,Sofia Fernandez
TAX-656-28,Chevrolet Aveo,Sofia Fernandez
TAX-138-31,Toyota Prius,Rosa Salgado
TAX-333-44,Hyundai Accent,Victor Robles
TAX-842-32,Chevrolet Aveo,Victor Robles
TAX-803-62,Nissan Versa,Victor Robles
TAX-675-45,Toyota Prius,Daniela Ortiz
TAX-988-33,Nissan Versa,Carlos Gomez
TAX-365-61,Nissan Versa,Miguel Ramirez
TAX-755-56,Toyota Prius,Victor Robles
TAX-342-85,Chevrolet Aveo,Carlos Gomez
TAX-295-63,Hyundai Accent,Adriana Salinas
TAX-728-12,Chevrolet Aveo,Monica Aguilar
TAX-316-99,Chevrolet Aveo,Rosa Salgado
TAX-541-19,Kia Rio,Victor Robles
TAX-342-46,Hyundai Accent,Rosa Salgado
TAX-170-66,Toyota Prius,Daniela Ortiz
TAX-410-38,Toyota Prius,Rosa Salgado
TAX-405-37,Hyundai Accent,Rosa Salgado
TAX-663-21,Nissan Versa,Victor Robles
TAX-123-42,Hyundai Accent,Daniela Ortiz
TAX-442-99,Kia Rio,Sofia Fernandez
TAX-932-11,Hyundai Accent,Rosa Salgado
TAX-556-80,Kia Rio,Sofia Fernandez
TAX-721-29,Kia Rio,Daniela Ortiz
TAX-264-48,Hyundai Accent,Hugo Nunez
TAX-793-80,Toyota Prius,Monica Aguilar
TAX-218-92,Nissan Versa,Sofia Fernandez
TAX-427-86,Kia Rio,Victor Robles
TAX-244-98,Toyota Prius,Monica Aguilar
TAX-364-52,Chevrolet Aveo,Victor Robles
TAX-709-62,Toyota Prius,Hugo Nunez
TAX-681-34,Kia Rio,Miguel Ramirez
TAX-563-60,Toyota Prius,Victor Robles
TAX-603-35,Toyota Prius,Rosa Salgado
TAX-787-79,Hyundai Accent,Miguel Ramirez
TAX-508-34,Nissan Versa,Sofia Fernandez
TAX-309-16,Chevrolet Aveo,Sofia Fernandez
TAX-183-95,Kia Rio,Carlos Gomez
TAX-595-96,Kia Rio,Victor Robles
TAX-868-28,Toyota Prius,Daniela Ortiz
TAX-197-99,Hyundai Accent,Daniela Ortiz
TAX-300-42,Kia Rio,Daniela Ortiz
TAX-387-76,Hyundai Accent,Hugo Nunez
TAX-158-63,Chevrolet Aveo,Adriana Salinas
TAX-365-76,Hyundai Accent,Daniela Ortiz
TAX-327-94,Kia Rio,Ricardo Pacheco
TAX-248-99,Toyota Prius,Sofia Fernandez
TAX-529-76,Kia Rio,Daniela Ortiz
TAX-167-49,Hyundai Accent,Hugo Nunez
TAX-890-52,Hyundai Accent,Ricardo Pacheco
TAX-194-86,Nissan Versa,Carlos Gomez
TAX-727-75,Nissan Versa,Sofia Fernandez
TAX-392-39,Nissan Versa,Adriana Salinas
TAX-932-33,Kia Rio,Monica Aguilar
TAX-174-98,Hyundai Accent,Rosa Salgado
TAX-304-18,Kia Rio,Ricardo Pacheco
TAX-563-46,Kia Rio,Miguel Ramirez
TAX-499-81,Toyota Prius,Ricardo Pacheco
TAX-933-77,Kia Rio,Hugo Nunez
TAX-400-65,Chevrolet Aveo,Victor Robles
TAX-258-17,Hyundai Accent,Miguel Ramirez
TAX-989-74,Toyota Prius,Carlos Gomez
TAX-276-60,Hyundai Accent,Rosa Salgado
TAX-418-82,Chevrolet Aveo,Ricardo Pacheco
TAX-848-85,Chevrolet Aveo,Miguel Ramirez
TAX-727-68,Nissan Versa,Daniela Ortiz
TAX-919-16,Kia Rio,Ricardo Pacheco
TAX-473-77,Kia Rio,Sofia Fernandez
TAX-147-93,Kia Rio,Carlos Gomez
TAX-544-26,Kia Rio,Hugo Nunez
TAX-548-69,Nissan Versa,Adriana Salinas
TAX-706-23,Chevrolet Aveo,Daniela Ortiz
TAX-976-64,Chevrolet Aveo,Rosa Salgado
TAX-868-65,Hyundai Accent,Hugo Nunez
TAX-258-38,Toyota Prius,Hugo Nunez
TAX-472-50,Kia Rio,Ricardo Pacheco
TAX-477-97,Chevrolet Aveo,Adriana Salinas
TAX-323-22,Nissan Versa,Adriana Salinas
TAX-211-75,Chevrolet Aveo,Adriana Salinas
TAX-360-94,Nissan Versa,Hugo Nunez
TAX-199-27,Nissan Versa,Rosa Salgado
TAX-807-42,Chevrolet Aveo,Carlos Gomez
TAX-616-36,Nissan Versa,Monica Aguilar
TAX-938-16,Nissan Versa,Hugo Nunez
TAX-971-92,Hyundai Accent,Adriana Salinas
TAX-467-92,Chevrolet Aveo,Ricardo Pacheco
TAX-279-47,Chevrolet Aveo,Monica Aguilar
TAX-621-16,Kia Rio,Hugo Nunez
TAX-309-15,Hyundai Accent,Daniela Ortiz
TAX-218-28,Chevrolet Aveo,Hugo Nunez
TAX-794-42,Nissan Versa,Rosa Salgado
TAX-958-61,Hyundai Accent,Carlos Gomez
TAX-163-45,Chevrolet Aveo,Daniela Ortiz
TAX-904-69,Toyota Prius,Rosa Salgado
TAX-258-50,Chevrolet Aveo,Sofia Fernandez
TAX-585-72,Hyundai Accent,Ricardo Pacheco
TAX-878-87,Chevrolet Aveo,Daniela Ortiz
TAX-779-60,Toyota Prius,Victor Robles
TAX-151-34,Kia Rio,Victor Robles
TAX-715-70,Chevrolet Aveo,Carlos Gomez
TAX-217-76,Chevrolet Aveo,Hugo Nunez
TAX-310-64,Hyundai Accent,Miguel Ramirez
TAX-910-38,Kia Rio,Adriana Salinas
TAX-987-52,Kia Rio,Hugo Nunez
TAX-979-44,Toyota Prius,Carlos Gomez
TAX-642-22,Hyundai Accent,Hugo Nunez
TAX-201-37,Toyota Prius,Hugo Nunez
TAX-775-34,Kia Rio,Adriana Salinas
TAX-821-44,Kia Rio,Sofia Fernandez
TAX-766-85,Toyota Prius,Hugo Nunez
TAX-168-51,Nissan Versa,Carlos Gomez
TAX-857-80,Chevrolet Aveo,Miguel Ramirez
TAX-194-64,Toyota Prius,Sofia Fernandez
TAX-903-89,Nissan Versa,Sofia Fernandez
TAX-815-27,Kia Rio,Adriana Salinas
TAX-455-38,Kia Rio,Carlos Gomez
TAX-112-22,Hyundai Accent,Daniela Ortiz
TAX-353-27,Chevrolet Aveo,Miguel Ramirez
TAX-602-35,Hyundai Accent,Adriana Salinas
TAX-455-25,Hyundai Accent,Carlos Gomez
TAX-762-12,Nissan Versa,Carlos Gomez
TAX-445-31,Nissan Versa,Carlos Gomez
TAX-202-12,Chevrolet Aveo,Monica Aguilar
TAX-721-27,Chevrolet Aveo,Victor Robles
TAX-496-43,Kia Rio,Monica Aguilar
TAX-801-39,Nissan Versa,Victor Robles
TAX-764-62,Nissan Versa,Hugo Nunez
TAX-367-91,Nissan Versa,Rosa Salgado
TAX-337-93,Chevrolet Aveo,Victor Robles
TAX-586-11,Toyota Prius,Adriana Salinas
TAX-450-48,Nissan Versa,Daniela Ortiz
TAX-316-45,Kia Rio,Ricardo Pacheco
TAX-148-46,Toyota Prius,Ricardo Pacheco
TAX-489-55,Toyota Prius,Monica Aguilar
TAX-652-47,Nissan Versa,Adriana Salinas
TAX-326-13,Nissan Versa,Miguel Ramirez
TAX-689-59,Hyundai Accent,Victor Robles
TAX-896-43,Nissan Versa,Miguel Ramirez
TAX-100-83,Kia Rio,Hugo Nunez
TAX-421-20,Toyota Prius,Monica Aguilar
TAX-925-63,Nissan Versa,Ricardo Pacheco
TAX-897-26,Hyundai Accent,Ricardo Pacheco
TAX-762-24,Toyota Prius,Victor Robles
TAX-767-92,Kia Rio,Miguel Ramirez
TAX-611-77,Chevrolet Aveo,Miguel Ramirez
TAX-859-21,Chevrolet Aveo,Victor Robles
TAX-725-74,Hyundai Accent,Daniela Ortiz
TAX-115-74,Nissan Versa,Sofia Fernandez
TAX-627-52,Chevrolet Aveo,Sofia Fernandez
TAX-634-92,Nissan Versa,Ricardo Pacheco
TAX-174-12,Chevrolet Aveo,Victor Robles
TAX-665-64,Hyundai Accent,Ricardo Pacheco
TAX-122-95,Nissan Versa,Hugo Nunez
TAX-702-46,Kia Rio,Rosa Salgado
TAX-961-92,Hyundai Accent,Monica Aguilar
TAX-944-62,Chevrolet Aveo,Ricardo Pacheco
TAX-467-75,Chevrolet Aveo,Sofia Fernandez
TAX-124-37,Kia Rio,Hugo Nunez
TAX-255-34,Hyundai Accent,Monica Aguilar
TAX-410-17,Hyundai Accent,Sofia Fernandez
TAX-838-17,Toyota Prius,Sofia Fernandez
TAX-578-23,Kia Rio,Carlos Gomez
TAX-785-16,Nissan Versa,Rosa Salgado
TAX-472-84,Nissan Versa,Daniela Ortiz
TAX-688-20,Hyundai Accent,Hugo Nunez
TAX-494-52,Chevrolet Aveo,Ricardo Pacheco
TAX-191-52,Chevrolet Aveo,Hugo Nunez
TAX-222-81,Toyota Prius,Hugo Nunez
TAX-252-61,Hyundai Accent,Miguel Ramirez
TAX-175-96,Hyundai Accent,Hugo Nunez
TAX-720-68,Hyundai Accent,Miguel Ramirez
TAX-616-80,Hyundai Accent,Sofia Fernandez
TAX-655-55,Kia Rio,Miguel Ramirez
TAX-709-39,Toyota Prius,Ricardo Pacheco
TAX-453-76,Chevrolet Aveo,Adriana Salinas
TAX-778-46,Hyundai Accent,Victor Robles
TAX-802-76,Toyota Prius,Daniela Ortiz
TAX-133-72,Toyota Prius,Adriana Salinas
TAX-227-75,Toyota Prius,Ricardo Pacheco
TAX-829-12,Kia Rio,Daniela Ortiz
TAX-764-74,Toyota Prius,Rosa Salgado
TAX-657-56,Chevrolet Aveo,Sofia Fernandez
TAX-803-84,Chevrolet Aveo,Ricardo Pacheco
TAX-973-23,Nissan Versa,Adriana Salinas
TAX-717-75,Toyota Prius,Monica Aguilar
TAX-952-66,Toyota Prius,Monica Aguilar
TAX-616-99,Chevrolet Aveo,Adriana Salinas
TAX-325-34,Kia Rio,Sofia Fernandez
TAX-909-97,Toyota Prius,Hugo Nunez
TAX-566-54,Toyota Prius,Miguel Ramirez
TAX-728-80,Toyota Prius,Miguel Ramirez
TAX-220-29,Hyundai Accent,Miguel Ramirez
TAX-734-77,Hyundai Accent,Rosa Salgado
TAX-620-95,Chevrolet Aveo,Carlos Gomez
TAX-803-99,Nissan Versa,Rosa Salgado
TAX-845-77,Kia Rio,Hugo Nunez
TAX-385-52,Chevrolet Aveo,Adriana Salinas
TAX-119-79,Kia Rio,Hugo Nunez
TAX-638-60,Hyundai Accent,Hugo Nunez
TAX-477-42,Toyota Prius,Carlos Gomez
TAX-607-95,Toyota Prius,Adriana Salinas
TAX-732-61,Nissan Versa,Ricardo Pacheco
TAX-357-82,Kia Rio,Daniela Ortiz
TAX-338-18,Chevrolet Aveo,Sofia Fernandez
TAX-309-82,Chevrolet Aveo,Victor Robles
TAX-562-34,Nissan Versa,Hugo Nunez
TAX-889-31,Hyundai Accent,Victor Robles
TAX-528-40,Toyota Prius,Rosa Salgado
TAX-479-55,Toyota Prius,Victor Robles
TAX-336-11,Toyota Prius,Ricardo Pacheco
TAX-762-31,Nissan Versa,Adriana Salinas
TAX-598-60,Hyundai Accent,Rosa Salgado
TAX-195-49,Chevrolet Aveo,Monica Aguilar
TAX-904-12,Chevrolet Aveo,Miguel Ramirez
TAX-113-79,Kia Rio,Sofia Fernandez
TAX-386-31,Toyota Prius,Sofia Fernandez
TAX-421-82,Hyundai Accent,Hugo Nunez
TAX-103-67,Toyota Prius,Hugo Nunez
TAX-624-12,Hyundai Accent,Ricardo Pacheco
TAX-476-44,Toyota Prius,Carlos Gomez
TAX-274-37,Chevrolet Aveo,Hugo Nunez
TAX-796-64,Chevrolet Aveo,Daniela Ortiz
TAX-970-31,Chevrolet Aveo,Miguel Ramirez
TAX-906-13,Toyota Prius,Daniela Ortiz
TAX-574-91,Toyota Prius,Hugo Nunez
TAX-659-92,Kia Rio,Rosa Salgado
TAX-528-35,Nissan Versa,Miguel Ramirez
TAX-488-62,Chevrolet Aveo,Ricardo Pacheco
TAX-191-46,Chevrolet Aveo,Ricardo Pacheco
TAX-468-93,Toyota Prius,Ricardo Pacheco
TAX-117-53,Hyundai Accent,Victor Robles
TAX-440-71,Hyundai Accent,Miguel Ramirez
TAX-792-41,Hyundai Accent,Ricardo Pacheco
TAX-238-55,Chevrolet Aveo,Ricardo Pacheco
TAX-154-85,Nissan Versa,Daniela Ortiz
TAX-683-74,Nissan Versa,Miguel Ramirez
TAX-743-20,Toyota Prius,Rosa Salgado
TAX-240-79,Chevrolet Aveo,Miguel Ramirez
TAX-597-32,Hyundai Accent,Ricardo Pacheco
TAX-633-53,Kia Rio,Ricardo Pacheco
TAX-259-71,Toyota Prius,Miguel Ramirez
TAX-926-82,Hyundai Accent,Carlos Gomez
TAX-459-59,Kia Rio,Miguel Ramirez
TAX-525-42,Nissan Versa,Ricardo Pacheco
TAX-488-42,Kia Rio,Miguel Ramirez
TAX-872-70,Kia Rio,Ricardo Pacheco
TAX-984-35,Toyota Prius,Victor Robles
TAX-729-55,Chevrolet Aveo,Victor Robles
TAX-272-41,Toyota Prius,Carlos Gomez
TAX-321-18,Nissan Versa,Rosa Salgado
TAX-656-72,Nissan Versa,Adriana Salinas
TAX-584-68,Nissan Versa,Daniela Ortiz
TAX-759-98,Kia Rio,Rosa Salgado
TAX-291-11,Toyota Prius,Rosa Salgado
TAX-259-21,Hyundai Accent,Daniela Ortiz
TAX-734-10,Hyundai Accent,Miguel Ramirez
TAX-427-64,Toyota Prius,Sofia Fernandez
TAX-870-48,Hyundai Accent,Ricardo Pacheco
TAX-441-30,Toyota Prius,Ricardo Pacheco
TAX-933-80,Kia Rio,Victor Robles
TAX-596-31,Kia Rio,Hugo Nunez
TAX-303-76,Hyundai Accent,Ricardo Pacheco
TAX-943-45,Nissan Versa,Sofia Fernandez
TAX-983-54,Toyota Prius,Carlos Gomez
TAX-256-26,Nissan Versa,Rosa Salgado
TAX-801-63,Chevrolet Aveo,Monica Aguilar
TAX-212-49,Nissan Versa,Adriana Salinas
TAX-891-78,Hyundai Accent,Adriana Salinas
TAX-984-45,Nissan Versa,Sofia Fernandez
TAX-693-48,Toyota Prius,Victor Robles
TAX-229-39,Hyundai Accent,Adriana Salinas
TAX-924-90,Kia Rio,Carlos Gomez
TAX-725-21,Toyota Prius,Monica Aguilar
TAX-931-55,Nissan Versa,Ricardo Pacheco
TAX-195-74,Nissan Versa,Miguel Ramirez
TAX-775-80,Kia Rio,Sofia Fernandez
TAX-734-66,Hyundai Accent,Daniela Ortiz
TAX-496-48,Nissan Versa,Rosa Salgado
TAX-931-42,Chevrolet Aveo,Miguel Ramirez
TAX-581-62,Toyota Prius,Victor Robles
TAX-138-96,Chevrolet Aveo,Daniela Ortiz
TAX-770-16,Nissan Versa,Monica Aguilar
TAX-292-16,Kia Rio,Ricardo Pacheco
TAX-339-24,Hyundai Accent,Carlos Gomez
TAX-973-11,Hyundai Accent,Ricardo Pacheco
TAX-339-83,Kia Rio,Rosa Salgado
TAX-490-45,Nissan Versa,Rosa Salgado
TAX-401-22,Nissan Versa,Hugo Nunez
TAX-775-42,Hyundai Accent,Victor Robles
TAX-240-34,Nissan Versa,Ricardo Pacheco
TAX-498-48,Nissan Versa,Adriana Salinas
TAX-646-88,Kia Rio,Miguel Ramirez
TAX-742-54,Hyundai Accent,Miguel Ramirez
TAX-565-81,Hyundai Accent,Monica Aguilar
TAX-976-62,Chevrolet Aveo,Monica Aguilar
TAX-716-65,Toyota Prius,Adriana Salinas
TAX-233-95,Nissan Versa,Victor Robles
TAX-635-96,Chevrolet Aveo,Daniela Ortiz
TAX-763-81,Kia Rio,Rosa Salgado
TAX-309-51,Chevrolet Aveo,Ricardo Pacheco
TAX-221-16,Nissan Versa,Monica Aguilar
TAX-801-76,Hyundai Accent,Rosa Salgado
TAX-998-41,Nissan Versa,Daniela Ortiz
TAX-138-24,Toyota Prius,Sofia Fernandez
TAX-574-29,Nissan Versa,Daniela Ortiz
TAX-371-33,Kia Rio,Carlos Gomez
TAX-759-61,Toyota Prius,Hugo Nunez
TAX-684-82,Hyundai Accent,Hugo Nunez
TAX-367-84,Hyundai Accent,Sofia Fernandez
TAX-831-69,Toyota Prius,Victor Robles
TAX-561-78,Nissan Versa,Miguel Ramirez
TAX-637-80,Chevrolet Aveo,Monica Aguilar
TAX-267-33,Toyota Prius,Daniela Ortiz
TAX-128-50,Kia Rio,Ricardo Pacheco
TAX-839-63,Kia Rio,Victor Robles
TAX-312-20,Chevrolet Aveo,Carlos Gomez
TAX-511-70,Hyundai Accent,Carlos Gomez
TAX-773-29,Nissan Versa,Daniela Ortiz
TAX-438-72,Hyundai Accent,Miguel Ramirez
TAX-259-90,Nissan Versa,Rosa Salgado
TAX-160-59,Toyota Prius,Rosa Salgado
TAX-666-37,Hyundai Accent,Hugo Nunez
TAX-439-61,Hyundai Accent,Rosa Salgado
TAX-179-78,Nissan Versa,Sofia Fernandez
TAX-979-55,Nissan Versa,Adriana Salinas
TAX-372-75,Kia Rio,Victor Robles
TAX-634-14,Nissan Versa,Victor Robles
TAX-745-13,Kia Rio,Rosa Salgado
TAX-228-63,Nissan Versa,Sofia Fernandez
TAX-876-65,Nissan Versa,Ricardo Pacheco
TAX-486-11,Nissan Versa,Daniela Ortiz
TAX-892-37,Kia Rio,Rosa Salgado
TAX-324-15,Chevrolet Aveo,Carlos Gomez
TAX-472-63,Chevrolet Aveo,Adriana Salinas
TAX-228-22,Kia Rio,Adriana Salinas
TAX-481-51,Toyota Prius,Hugo Nunez
TAX-351-35,Toyota Prius,Hugo Nunez
TAX-271-32,Kia Rio,Miguel Ramirez
TAX-560-78,Toyota Prius,Monica Aguilar
TAX-272-82,Hyundai Accent,Monica Aguilar
TAX-510-68,Kia Rio,Daniela Ortiz
TAX-407-37,Toyota Prius,Adriana Salinas
TAX-876-36,Chevrolet Aveo,Miguel Ramirez
TAX-513-92,Nissan Versa,Miguel Ramirez
TAX-605-52,Chevrolet Aveo,Adriana Salinas
TAX-373-21,Toyota Prius,Daniela Ortiz
TAX-561-62,Chevrolet Aveo,Rosa Salgado
TAX-324-59,Hyundai Accent,Hugo Nunez
TAX-880-68,Hyundai Accent,Adriana Salinas
TAX-696-63,Nissan Versa,Ricardo Pacheco
TAX-887-35,Nissan Versa,Adriana Salinas
TAX-884-27,Nissan Versa,Miguel Ramirez
TAX-330-71,Toyota Prius,Ricardo Pacheco
TAX-784-96,Kia Rio,Adriana Salinas
TAX-846-18,Hyundai Accent,Victor Robles
TAX-388-59,Chevrolet Aveo,Rosa Salgado
TAX-131-24,Toyota Prius,Rosa Salgado
TAX-665-98,Chevrolet Aveo,Ricardo Pacheco
TAX-214-85,Kia Rio,Victor Robles
TAX-589-17,Nissan Versa,Miguel Ramirez
TAX-719-55,Nissan Versa,Ricardo Pacheco
TAX-667-52,Kia Rio,Daniela Ortiz
TAX-799-76,Nissan Versa,Hugo Nunez
TAX-663-35,Chevrolet Aveo,Ricardo Pacheco
TAX-197-98,Kia Rio,Hugo Nunez
TAX-935-71,Hyundai Accent,Adriana Salinas
TAX-163-82,Nissan Versa,Hugo Nunez
TAX-534-99,Chevrolet Aveo,Adriana Salinas
TAX-167-16,Hyundai Accent,Ricardo Pacheco
TAX-556-98,Nissan Versa,Daniela Ortiz
TAX-447-30,Nissan Versa,Rosa Salgado
TAX-565-95,Nissan Versa,Monica Aguilar
TAX-535-53,Toyota Prius,Miguel Ramirez
TAX-702-89,Toyota Prius,Daniela Ortiz
TAX-218-65,Kia Rio,Carlos Gomez
TAX-596-97,Toyota Prius,Monica Aguilar
TAX-630-22,Hyundai Accent,Victor Robles
TAX-600-94,Chevrolet Aveo,Rosa Salgado
TAX-581-43,Hyundai Accent,Daniela Ortiz
TAX-236-85,Toyota Prius,Ricardo Pacheco
TAX-142-80,Toyota Prius,Rosa Salgado
TAX-628-57,Kia Rio,Rosa Salgado
TAX-609-64,Nissan Versa,Miguel Ramirez
TAX-486-11,Chevrolet Aveo,Rosa Salgado
TAX-416-10,Chevrolet Aveo,Hugo Nunez
TAX-221-87,Chevrolet Aveo,Miguel Ramirez
TAX-781-17,Toyota Prius,Sofia Fernandez
TAX-831-50,Nissan Versa,Carlos Gomez
TAX-482-58,Chevrolet Aveo,Monica Aguilar
TAX-366-84,Chevrolet Aveo,Miguel Ramirez
TAX-134-39,Toyota Prius,Rosa Salgado
TAX-329-35,Hyundai Accent,Victor Robles
TAX-519-11,Chevrolet Aveo,Adriana Salinas
TAX-560-85,Nissan Versa,Miguel Ramirez
TAX-498-59,Chevrolet Aveo,Rosa Salgado
TAX-595-72,Nissan Versa,Ricardo Pacheco
TAX-935-52,Toyota Prius,Carlos Gomez
TAX-807-95,Kia Rio,Carlos Gomez
TAX-800-43,Kia Rio,Adriana Salinas
TAX-895-95,Kia Rio,Daniela Ortiz
TAX-417-47,Chevrolet Aveo,Monica Aguilar
TAX-347-84,Nissan Versa,Victor Robles
TAX-378-23,Chevrolet Aveo,Sofia Fernandez
TAX-784-81,Chevrolet Aveo,Victor Robles
TAX-260-36,Hyundai Accent,Ricardo Pacheco
TAX-467-60,Chevrolet Aveo,Carlos Gomez
TAX-540-77,Toyota Prius,Rosa Salgado
TAX-152-18,Hyundai Accent,Monica Aguilar
TAX-175-39,Kia Rio,Miguel Ramirez
TAX-336-42,Toyota Prius,Miguel Ramirez
TAX-765-97,Chevrolet Aveo,Rosa Salgado
TAX-477-54,Hyundai Accent,Victor Robles
TAX-523-67,Hyundai Accent,Victor Robles
TAX-399-68,Kia Rio,Rosa Salgado
TAX-707-50,Chevrolet Aveo,Daniela Ortiz
TAX-134-72,Toyota Prius,Ricardo Pacheco
TAX-303-53,Toyota Prius,Daniela Ortiz
TAX-645-47,Toyota Prius,Miguel Ramirez
TAX-529-19,Hyundai Accent,Carlos Gomez
TAX-536-34,Nissan Versa,Rosa Salgado
TAX-621-20,Hyundai Accent,Carlos Gomez
TAX-870-45,Nissan Versa,Victor Robles
TAX-239-18,Hyundai Accent,Hugo Nunez
TAX-838-67,Toyota Prius,Rosa Salgado
TAX-894-81,Nissan Versa,Daniela Ortiz
TAX-524-16,Hyundai Accent,Sofia Fernandez
TAX-975-14,Kia Rio,Monica Aguilar
TAX-590-95,Nissan Versa,Ricardo Pacheco
TAX-876-78,Chevrolet Aveo,Ricardo Pacheco
TAX-933-89,Nissan Versa,Miguel Ramirez
TAX-867-79,Hyundai Accent,Miguel Ramirez
TAX-690-55,Kia Rio,Ricardo Pacheco
TAX-817-11,Nissan Versa,Victor Robles
TAX-893-29,Toyota Prius,Miguel Ramirez
TAX-819-46,Toyota Prius,Carlos Gomez
TAX-836-70,Toyota Prius,Hugo Nunez
TAX-627-53,Chevrolet Aveo,Rosa Salgado
TAX-402-65,Nissan Versa,Miguel Ramirez
TAX-357-75,Kia Rio,Ricardo Pacheco
TAX-253-19,Hyundai Accent,Monica Aguilar
TAX-443-25,Toyota Prius,Carlos Gomez
TAX-241-35,Chevrolet Aveo,Monica Aguilar
TAX-663-61,Hyundai Accent,Victor Robles
TAX-548-69,Kia Rio,Miguel Ramirez
TAX-122-61,Nissan Versa,Carlos Gomez
TAX-357-42,Toyota Prius,Daniela Ortiz
TAX-928-35,Chevrolet Aveo,Daniela Ortiz
TAX-441-30,Nissan Versa,Victor Robles
TAX-804-68,Kia Rio,Daniela Ortiz
TAX-647-86,Kia Rio,Rosa Salgado
TAX-293-79,Kia Rio,Sofia Fernandez
TAX-965-93,Kia Rio,Daniela Ortiz
TAX-856-39,Kia Rio,Rosa Salgado
TAX-139-84,Hyundai Accent,Monica Aguilar
TAX-921-22,Hyundai Accent,Rosa Salgado
TAX-716-77,Kia Rio,Adriana Salinas
TAX-519-45,Kia Rio,Miguel Ramirez
TAX-101-18,Hyundai Accent,Daniela Ortiz
TAX-224-62,Nissan Versa,Miguel Ramirez
TAX-283-93,Hyundai Accent,Daniela Ortiz
TAX-431-71,Hyundai Accent,Victor Robles
TAX-546-58,Chevrolet Aveo,Adriana Salinas
TAX-386-76,Nissan Versa,Daniela Ortiz
TAX-287-87,Hyundai Accent,Rosa Salgado
TAX-173-94,Kia Rio,Hugo Nunez
TAX-169-14,Chevrolet Aveo,Ricardo Pacheco
TAX-939-48,Hyundai Accent,Miguel Ramirez
TAX-201-25,Kia Rio,Adriana Salinas
TAX-413-85,Kia Rio,Adriana Salinas
TAX-257-15,Toyota Prius,Carlos Gomez
TAX-621-86,Hyundai Accent,Ricardo Pacheco
TAX-455-13,Hyundai Accent,Rosa Salgado
TAX-550-95,Nissan Versa,Hugo Nunez
TAX-848-73,Nissan Versa,Rosa Salgado
TAX-888-58,Nissan Versa,Ricardo Pacheco
TAX-632-10,Hyundai Accent,Carlos Gomez
TAX-138-32,Hyundai Accent,Carlos Gomez
TAX-319-86,Hyundai Accent,Victor Robles
TAX-751-73,Hyundai Accent,Daniela Ortiz
TAX-415-92,Chevrolet Aveo,Victor Robles
TAX-791-75,Kia Rio,Miguel Ramirez
TAX-200-72,Nissan Versa,Carlos Gomez
TAX-261-60,Toyota Prius,Victor Robles
TAX-194-78,Hyundai Accent,Miguel Ramirez
TAX-483-68,Toyota Prius,Rosa Salgado
TAX-950-45,Hyundai Accent,Miguel Ramirez
TAX-667-49,Chevrolet Aveo,Carlos Gomez
TAX-182-43,Nissan Versa,Hugo Nunez
TAX-272-59,Toyota Prius,Hugo Nunez
TAX-926-93,Kia Rio,Daniela Ortiz
TAX-277-70,Kia Rio,Miguel Ramirez
TAX-855-74,Toyota Prius,Sofia Fernandez
TAX-160-98,Toyota Prius,Sofia Fernandez
TAX-980-60,Chevrolet Aveo,Miguel Ramirez
TAX-149-97,Toyota Prius,Adriana Salinas
TAX-402-41,Kia Rio,Carlos Gomez
TAX-343-72,Chevrolet Aveo,Carlos Gomez
TAX-557-17,Toyota Prius,Ricardo Pacheco
TAX-293-12,Chevrolet Aveo,Hugo Nunez
TAX-852-10,Nissan Versa,Sofia Fernandez
TAX-836-93,Nissan Versa,Daniela Ortiz
TAX-250-74,Kia Rio,Rosa Salgado
TAX-458-81,Nissan Versa,Adriana Salinas
TAX-725-52,Nissan Versa,Daniela Ortiz
TAX-754-47,Kia Rio,Sofia Fernandez
TAX-663-18,Chevrolet Aveo,Sofia Fernandez
TAX-266-79,Kia Rio,Hugo Nunez
TAX-110-43,Nissan Versa,Hugo Nunez
TAX-334-83,Hyundai Accent,Monica Aguilar
TAX-166-78,Kia Rio,Victor Robles
TAX-134-90,Toyota Prius,Adriana Salinas
TAX-971-43,Nissan Versa,Hugo Nunez
TAX-655-72,Nissan Versa,Sofia Fernandez
TAX-166-77,Nissan Versa,Miguel Ramirez
TAX-386-57,Chevrolet Aveo,Miguel Ramirez
TAX-959-98,Toyota Prius,Monica Aguilar
TAX-801-12,Kia Rio,Sofia Fernandez
TAX-654-20,Hyundai Accent,Daniela Ortiz
TAX-821-55,Nissan Versa,Victor Robles
TAX-769-53,Kia Rio,Sofia Fernandez
TAX-109-41,Toyota Prius,Adriana Salinas
TAX-325-37,Hyundai Accent,Sofia Fernandez
TAX-249-93,Chevrolet Aveo,Carlos Gomez
TAX-897-63,Hyundai Accent,Daniela Ortiz
TAX-846-68,Kia Rio,Ricardo Pacheco
TAX-589-59,Kia Rio,Miguel Ramirez
TAX-473-12,Kia Rio,Ricardo Pacheco
TAX-674-63,Nissan Versa,Daniela Ortiz
TAX-605-59,Toyota Prius,Rosa Salgado
TAX-838-28,Toyota Prius,Carlos Gomez
TAX-294-51,Nissan Versa,Adriana Salinas
TAX-236-27,Chevrolet Aveo,Adriana Salinas
TAX-919-69,Nissan Versa,Ricardo Pacheco
TAX-953-66,Hyundai Accent,Sofia Fernandez
TAX-760-92,Hyundai Accent,Hugo Nunez
TAX-600-16,Chevrolet Aveo,Miguel Ramirez
TAX-343-49,Nissan Versa,Carlos Gomez
TAX-791-35,Toyota Prius,Carlos Gomez
TAX-905-42,Toyota Prius,Victor Robles
TAX-498-78,Nissan Versa,Rosa Salgado
TAX-834-42,Hyundai Accent,Monica Aguilar
TAX-329-23,Hyundai Accent,Daniela Ortiz
TAX-401-32,Kia Rio,Victor Robles
TAX-567-44,Nissan Versa,Sofia Fernandez
TAX-211-42,Nissan Versa,Victor Robles
TAX-990-87,Toyota Prius,Daniela Ortiz
TAX-497-55,Hyundai Accent,Sofia Fernandez
TAX-272-90,Nissan Versa,Carlos Gomez
TAX-917-76,Nissan Versa,Victor Robles
TAX-370-91,Hyundai Accent,Daniela Ortiz
TAX-479-12,Toyota Prius,Monica Aguilar
TAX-817-71,Kia Rio,Ricardo Pacheco
TAX-318-19,Nissan Versa,Rosa Salgado
TAX-866-88,Toyota Prius,Monica Aguilar
TAX-738-30,Chevrolet Aveo,Victor Robles
TAX-922-78,Nissan Versa,Carlos Gomez
TAX-119-65,Nissan Versa,Carlos Gomez
TAX-164-91,Chevrolet Aveo,Hugo Nunez
TAX-747-78,Chevrolet Aveo,Carlos Gomez
TAX-312-73,Nissan Versa,Victor Robles
TAX-368-36,Toyota Prius,Ricardo Pacheco
TAX-389-79,Toyota Prius,Rosa Salgado
TAX-360-29,Hyundai Accent,Ricardo Pacheco
TAX-921-86,Kia Rio,Miguel Ramirez
TAX-853-21,Kia Rio,Hugo Nunez
TAX-162-78,Hyundai Accent,Rosa Salgado
TAX-791-15,Chevrolet Aveo,Adriana Salinas
TAX-885-97,Chevrolet Aveo,Carlos Gomez
TAX-221-53,Kia Rio,Victor Robles
TAX-208-59,Kia Rio,Miguel Ramirez
TAX-312-86,Chevrolet Aveo,Hugo Nunez
TAX-606-54,Toyota Prius,Victor Robles
TAX-915-10,Hyundai Accent,Monica Aguilar
TAX-690-46,Hyundai Accent,Hugo Nunez
TAX-760-66,Kia Rio,Victor Robles
TAX-749-23,Toyota Prius,Sofia Fernandez
TAX-425-75,Chevrolet Aveo,Hugo Nunez
TAX-846-87,Toyota Prius,Victor Robles
TAX-566-65,Toyota Prius,Sofia Fernandez
TAX-978-39,Toyota Prius,Carlos Gomez
TAX-800-48,Kia Rio,Carlos Gomez
TAX-831-53,Chevrolet Aveo,Carlos Gomez
TAX-459-23,Toyota Prius,Carlos Gomez
TAX-249-79,Nissan Versa,Adriana Salinas
TAX-597-11,Nissan Versa,Carlos Gomez
TAX-622-23,Hyundai Accent,Hugo Nunez
TAX-966-44,Hyundai Accent,Hugo Nunez
TAX-720-51,Nissan Versa,Hugo Nunez
TAX-181-36,Nissan Versa,Sofia Fernandez
TAX-309-30,Hyundai Accent,Monica Aguilar
TAX-817-28,Toyota Prius,Daniela Ortiz
TAX-534-12,Toyota Prius,Adriana Salinas
TAX-590-81,Chevrolet Aveo,Rosa Salgado
TAX-279-35,Toyota Prius,Victor Robles
TAX-348-95,Toyota Prius,Sofia Fernandez
TAX-138-59,Chevrolet Aveo,Daniela Ortiz
TAX-153-18,Hyundai Accent,Rosa Salgado
TAX-777-76,Nissan Versa,Adriana Salinas
TAX-676-54,Toyota Prius,Ricardo Pacheco
TAX-479-26,Hyundai Accent,Hugo Nunez
TAX-774-72,Kia Rio,Miguel Ramirez
TAX-502-93,Nissan Versa,Rosa Salgado
TAX-121-41,Kia Rio,Monica Aguilar
TAX-874-13,Kia Rio,Hugo Nunez
TAX-422-65,Chevrolet Aveo,Miguel Ramirez
TAX-558-66,Nissan Versa,Adriana Salinas
TAX-921-98,Toyota Prius,Victor Robles
TAX-930-11,Toyota Prius,Sofia Fernandez
TAX-197-13,Hyundai Accent,Hugo Nunez
TAX-594-74,Toyota Prius,Miguel Ramirez
TAX-867-54,Kia Rio,Rosa Salgado
TAX-991-99,Hyundai Accent,Carlos Gomez
TAX-933-59,Kia Rio,Monica Aguilar
TAX-353-62,Nissan Versa,Miguel Ramirez
